,Open time,Open,High,Low,Close,Volume,Closetime,Quote Asset Volume,Number of Traders,Taker Buy Base Asset Volume,Taker Buy Quote Asset Volume,a
0,1589950800000,0.00175690,0.00176140,0.00175500,0.00175990,15054.12000000,1589954399999,26.47467071,1246,6598.41000000,11.60634332,0
1,1589954400000,0.00175930,0.00176800,0.00175080,0.00176080,29964.23000000,1589957999999,52.69021982,2373,13186.19000000,23.19081664,0
2,1589958000000,0.00176080,0.00176380,0.00175370,0.00175940,16837.06000000,1589961599999,29.59103016,1623,9723.17000000,17.09166244,0
3,1589961600000,0.00175940,0.00176170,0.00175400,0.00175750,22919.26000000,1589965199999,40.28536406,1959,9991.74000000,17.57052308,0
4,1589965200000,0.00175810,0.00176150,0.00175230,0.00175740,23270.21000000,1589968799999,40.88878573,1723,7918.07000000,13.91814634,0
5,1589968800000,0.00175720,0.00176390,0.00175560,0.00175730,13593.32000000,1589972399999,23.93553246,1441,7189.11000000,12.65741535,0
6,1589972400000,0.00175840,0.00176360,0.00175500,0.00175920,12717.16000000,1589975999999,22.37457140,1641,6945.48000000,12.22255055,0
7,1589976000000,0.00175910,0.00176060,0.00175610,0.00175860,13044.01000000,1589979599999,22.94105067,1586,5766.30000000,10.14260917,0
8,1589979600000,0.00175860,0.00176390,0.00175610,0.00176170,33708.27000000,1589983199999,59.36344510,1612,15182.75000000,26.73124833,0
9,1589983200000,0.00176140,0.00176390,0.00175970,0.00176330,41662.30000000,1589986799999,73.40720588,1320,29443.30000000,51.87877789,0
10,1589986800000,0.00176340,0.00178000,0.00175300,0.00176930,69549.07000000,1589990399999,122.66077463,5602,39298.89000000,69.37936295,0
11,1589990400000,0.00176930,0.00177140,0.00175560,0.00176460,25757.60000000,1589993999999,45.45786769,2770,12748.77000000,22.50510991,0
12,1589994000000,0.00176460,0.00177270,0.00176280,0.00176300,22571.11000000,1589997599999,39.86474959,2040,11514.21000000,20.34002199,0
13,1589997600000,0.00176290,0.00176580,0.00176280,0.00176360,20500.45000000,1590001199999,36.14769572,1500,5180.67000000,9.13855274,0
14,1590001200000,0.00176370,0.00176420,0.00175700,0.00175810,20954.74000000,1590004799999,36.88568405,1646,10298.19000000,18.12181183,0
15,1590004800000,0.00175830,0.00176560,0.00175520,0.00176140,23729.44000000,1590008399999,41.75097591,1381,10779.00000000,18.97333275,0
16,1590008400000,0.00176140,0.00177370,0.00176130,0.00177050,71224.83000000,1590011999999,126.02253402,1725,56649.33000000,100.23283840,0
17,1590012000000,0.00177050,0.00177750,0.00176690,0.00177630,77715.93000000,1590015599999,137.82345124,1469,66733.99000000,118.37290501,0
18,1590015600000,0.00177630,0.00178300,0.00176890,0.00177650,81997.36000000,1590019199999,145.59656710,1929,60976.01000000,108.28243707,0
19,1590019200000,0.00177650,0.00178400,0.00177340,0.00178040,32405.15000000,1590022799999,57.64735086,1766,21921.54000000,39.00542082,0
20,1590022800000,0.00178020,0.00178600,0.00177690,0.00178250,35005.08000000,1590026399999,62.45359767,1413,19299.95000000,34.44030128,0
21,1590026400000,0.00178260,0.00178600,0.00178000,0.00178440,28796.93000000,1590029999999,51.34834249,1073,12929.67000000,23.05866999,0
22,1590030000000,0.00178450,0.00178560,0.00178100,0.00178140,38241.57000000,1590033599999,68.18688260,1080,14095.13000000,25.13433584,0
23,1590033600000,0.00178150,0.00178420,0.00176600,0.00177020,45677.20000000,1590037199999,81.04921489,2314,17410.39000000,30.92557811,0
24,1590037200000,0.00177010,0.00177500,0.00176480,0.00177010,36733.67000000,1590040799999,65.01317365,1447,7147.44000000,12.65572588,0
25,1590040800000,0.00177010,0.00177300,0.00176600,0.00176760,35224.96000000,1590044399999,62.30215633,1245,5162.98000000,9.13679703,0
26,1590044400000,0.00176760,0.00177000,0.00176220,0.00176700,30229.35000000,1590047999999,53.40459945,1822,5272.21000000,9.31517804,0
27,1590048000000,0.00176720,0.00177300,0.00175440,0.00175590,39089.25000000,1590051599999,68.92800745,3841,19089.80000000,33.67908739,0
28,1590051600000,0.00175600,0.00176690,0.00175490,0.00176460,18154.61000000,1590055199999,31.96057006,1878,10874.56000000,19.14352425,0
29,1590055200000,0.00176460,0.00177290,0.00176200,0.00176460,14350.37000000,1590058799999,25.34680024,1879,10511.95000000,18.57017825,0
30,1590058800000,0.00176440,0.00177060,0.00176210,0.00176850,7329.26000000,1590062399999,12.95486168,1149,3160.65000000,5.58619871,0
31,1590062400000,0.00176810,0.00177020,0.00176500,0.00176810,5520.78000000,1590065999999,9.76016052,1198,3176.08000000,5.61668033,0
32,1590066000000,0.00176810,0.00178000,0.00176430,0.00177680,38305.54000000,1590069599999,67.90764485,2666,23796.87000000,42.19989477,0
33,1590069600000,0.00177670,0.00179600,0.00177000,0.00179510,92886.13000000,1590073199999,165.54174571,7487,55389.52000000,98.75565360,0
34,1590073200000,0.00179530,0.00179700,0.00177500,0.00177680,37680.40000000,1590076799999,67.10068411,3391,16229.31000000,28.88677781,0
35,1590076800000,0.00177680,0.00178780,0.00177540,0.00177950,26422.77000000,1590080399999,47.05981647,2258,14051.35000000,25.03436506,0
36,1590080400000,0.00177950,0.00179000,0.00177780,0.00178660,16064.34000000,1590083999999,28.66326137,1642,9097.93000000,16.23631745,0
37,1590084000000,0.00178740,0.00181470,0.00178260,0.00178290,75345.00000000,1590087599999,135.62032250,6578,41644.09000000,74.98559401,0
38,1590087600000,0.00178370,0.00178680,0.00176770,0.00177790,47762.33000000,1590091199999,84.80824933,5003,23715.41000000,42.11040979,0
39,1590091200000,0.00177780,0.00178220,0.00177480,0.00177680,18534.01000000,1590094799999,32.96331938,1555,9690.13000000,17.23792257,0
40,1590094800000,0.00177690,0.00177910,0.00176400,0.00177340,24207.22000000,1590098399999,42.89543053,2432,8241.25000000,14.60772135,0
41,1590098400000,0.00177320,0.00177750,0.00176750,0.00177660,13910.67000000,1590101999999,24.64564174,1467,8001.36000000,14.18084669,0
42,1590102000000,0.00177590,0.00177770,0.00177200,0.00177460,9236.28000000,1590105599999,16.39390780,1289,5238.75000000,9.30015271,0
43,1590105600000,0.00177460,0.00177690,0.00176820,0.00177440,36303.35000000,1590109199999,64.34998287,2453,17714.73000000,31.40588633,0
44,1590109200000,0.00177450,0.00177950,0.00176800,0.00177890,31525.11000000,1590112799999,55.90144376,1773,14388.37000000,25.51466193,0
45,1590112800000,0.00177880,0.00178730,0.00177540,0.00178700,44752.14000000,1590116399999,79.77209693,2383,24733.14000000,44.08879615,0
46,1590116400000,0.00178700,0.00178830,0.00178150,0.00178420,36312.07000000,1590119999999,64.83793344,2356,14260.76000000,25.46627711,0
47,1590120000000,0.00178430,0.00179040,0.00177860,0.00177940,34411.24000000,1590123599999,61.46209554,2587,16374.53000000,29.25111866,0
48,1590123600000,0.00177930,0.00178580,0.00177190,0.00177390,35097.29000000,1590127199999,62.39971928,2780,15576.76000000,27.68866721,0
49,1590127200000,0.00177380,0.00178370,0.00177120,0.00178220,40667.98000000,1590130799999,72.34916841,3136,18003.81000000,32.02281738,0
50,1590130800000,0.00178240,0.00179500,0.00178240,0.00179500,36774.98000000,1590134399999,65.76518532,3460,21274.20000000,38.06012199,0
51,1590134400000,0.00179490,0.00180260,0.00179290,0.00180210,40397.67000000,1590137999999,72.66441641,2832,18002.17000000,32.39071972,0
52,1590138000000,0.00180210,0.00182000,0.00180210,0.00182000,45884.97000000,1590141599999,83.16562343,3563,26702.53000000,48.40653707,0
53,1590141600000,0.00181970,0.00182000,0.00180200,0.00180930,45231.73000000,1590145199999,81.81087455,3592,18350.59000000,33.18428009,0
54,1590145200000,0.00180920,0.00181190,0.00180320,0.00180510,17087.77000000,1590148799999,30.88856605,1670,8092.81000000,14.62986007,0
55,1590148800000,0.00180520,0.00180800,0.00180350,0.00180550,12530.44000000,1590152399999,22.62870866,1569,6525.50000000,11.78503395,0
56,1590152400000,0.00180560,0.00181040,0.00179100,0.00179600,30308.23000000,1590155999999,54.58330713,3594,14627.52000000,26.35376006,0
57,1590156000000,0.00179620,0.00180700,0.00179460,0.00180430,30938.59000000,1590159599999,55.66175460,2551,12387.21000000,22.31131470,0
58,1590159600000,0.00180430,0.00181490,0.00180090,0.00180920,35994.32000000,1590163199999,65.11100619,3444,18795.89000000,33.99734360,0
59,1590163200000,0.00180940,0.00181370,0.00180500,0.00181240,33262.58000000,1590166799999,60.19396481,3604,15741.46000000,28.48993655,0
60,1590166800000,0.00181240,0.00182760,0.00180820,0.00182200,36565.51000000,1590170399999,66.42202793,4150,23411.28000000,42.54090328,0
61,1590170400000,0.00182200,0.00182500,0.00181850,0.00182050,23897.26000000,1590173999999,43.53043448,2409,8600.24000000,15.66827123,0
62,1590174000000,0.00182040,0.00183600,0.00181200,0.00182020,38280.06000000,1590177599999,69.80544140,4911,19480.23000000,35.53393344,0
63,1590177600000,0.00182020,0.00182530,0.00181460,0.00182080,25832.29000000,1590181199999,47.02905887,2683,14266.08000000,25.97982966,0
64,1590181200000,0.00182030,0.00182330,0.00181700,0.00182020,16698.69000000,1590184799999,30.39808305,1660,8089.13000000,14.72564518,0
65,1590184800000,0.00182010,0.00182190,0.00181200,0.00181770,32608.85000000,1590188399999,59.25920663,1913,10802.65000000,19.62373435,0
66,1590188400000,0.00181760,0.00181760,0.00180400,0.00180920,58971.77000000,1590191999999,106.80396970,2926,16276.55000000,29.46618272,0
67,1590192000000,0.00180920,0.00181670,0.00180890,0.00181260,34002.19000000,1590195599999,61.67014808,1940,14221.67000000,25.79466435,0
68,1590195600000,0.00181260,0.00181790,0.00180580,0.00180800,33708.05000000,1590199199999,61.08895118,1769,15502.41000000,28.09382208,0
69,1590199200000,0.00180800,0.00181490,0.00180690,0.00181370,33876.20000000,1590202799999,61.38108477,2455,18381.98000000,33.31187339,0
70,1590202800000,0.00181360,0.00181420,0.00180830,0.00180880,37328.66000000,1590206399999,67.57032366,1576,20585.45000000,37.26463818,0
71,1590206400000,0.00180860,0.00181040,0.00179850,0.00180240,34675.71000000,1590209999999,62.56805619,2422,14677.13000000,26.48584898,0
72,1590210000000,0.00180240,0.00180330,0.00179780,0.00179900,41275.32000000,1590213599999,74.32909402,1760,9691.60000000,17.45075073,0
73,1590213600000,0.00179880,0.00180360,0.00179790,0.00180120,31835.96000000,1590217199999,57.33289319,1692,8022.89000000,14.44800039,0
74,1590217200000,0.00180140,0.00180160,0.00179970,0.00180100,27245.54000000,1590220799999,49.05431336,1520,5170.85000000,9.31060003,0
75,1590220800000,0.00180110,0.00180150,0.00179590,0.00179840,26524.13000000,1590224399999,47.71062384,2259,18709.98000000,33.65876022,0
76,1590224400000,0.00179870,0.00180180,0.00179650,0.00179760,14784.36000000,1590227999999,26.60437358,1885,7152.34000000,12.87224455,0
77,1590228000000,0.00179760,0.00179990,0.00179240,0.00179640,21215.77000000,1590231599999,38.10807916,2274,9069.07000000,16.29397819,0
78,1590231600000,0.00179630,0.00179850,0.00179460,0.00179800,10949.59000000,1590235199999,19.67593372,1338,5249.50000000,9.43406723,0
79,1590235200000,0.00179800,0.00180000,0.00179280,0.00179460,19503.30000000,1590238799999,35.03459240,1813,8379.70000000,15.05638293,0
80,1590238800000,0.00179460,0.00179660,0.00179110,0.00179210,10765.36000000,1590242399999,19.30564966,1500,4907.84000000,8.80242412,0
81,1590242400000,0.00179210,0.00181000,0.00178940,0.00180430,46345.94000000,1590245999999,83.44536337,4169,21893.45000000,39.44953478,0
82,1590246000000,0.00180420,0.00180420,0.00179500,0.00180060,27298.07000000,1590249599999,49.17404100,2313,8136.73000000,14.64786493,0
83,1590249600000,0.00180090,0.00180090,0.00179370,0.00179630,12724.22000000,1590253199999,22.86685944,1873,5436.49000000,9.77104912,0
84,1590253200000,0.00179630,0.00179700,0.00179220,0.00179480,10031.44000000,1590256799999,18.00098511,1283,4781.68000000,8.57993242,0
85,1590256800000,0.00179480,0.00180080,0.00179420,0.00180020,16222.79000000,1590260399999,29.17281181,1418,6304.34000000,11.33639010,0
86,1590260400000,0.00180020,0.00180590,0.00179640,0.00179670,25062.41000000,1590263999999,45.10578766,1868,6058.23000000,10.91175718,0
87,1590264000000,0.00179720,0.00180010,0.00179360,0.00179650,12097.92000000,1590267599999,21.73662007,1713,5816.59000000,10.45028484,0
88,1590267600000,0.00179650,0.00179780,0.00179220,0.00179220,28945.26000000,1590271199999,51.97737107,1451,7594.06000000,13.63404205,0
89,1590271200000,0.00179230,0.00179460,0.00179100,0.00179330,17948.30000000,1590274799999,32.16588101,1400,8977.91000000,16.09080596,0
90,1590274800000,0.00179330,0.00179860,0.00179130,0.00179460,31990.02000000,1590278399999,57.43727333,1776,17728.84000000,31.83275652,0
91,1590278400000,0.00179450,0.00180870,0.00179280,0.00180520,57341.45000000,1590281999999,103.27767283,3623,32303.03000000,58.18236282,0
92,1590282000000,0.00180520,0.00180570,0.00179810,0.00180100,36184.23000000,1590285599999,65.19523290,2376,17386.82000000,31.32526733,0
93,1590285600000,0.00180080,0.00180530,0.00180050,0.00180370,28366.59000000,1590289199999,51.15351292,1945,13446.41000000,24.24781718,0
94,1590289200000,0.00180370,0.00180770,0.00180130,0.00180740,17749.77000000,1590292799999,32.02088783,1580,7902.04000000,14.25578555,0
95,1590292800000,0.00180740,0.00181010,0.00180400,0.00180570,12269.14000000,1590296399999,22.17186876,1766,7231.01000000,13.07090872,0
96,1590296400000,0.00180570,0.00180780,0.00180410,0.00180740,6272.16000000,1590299999999,11.32574084,988,2094.07000000,3.78172145,0
97,1590300000000,0.00180760,0.00180760,0.00179710,0.00180420,19933.05000000,1590303599999,35.92169172,2401,7819.83000000,14.08971216,0
98,1590303600000,0.00180440,0.00180560,0.00179910,0.00180210,34120.46000000,1590307199999,61.49947344,2333,16474.26000000,29.69229256,0
99,1590307200000,0.00180240,0.00180400,0.00180000,0.00180190,25285.66000000,1590310799999,45.58574823,1889,9074.10000000,16.35797890,0
100,1590310800000,0.00180200,0.00180840,0.00179820,0.00180790,18414.39000000,1590314399999,33.21843712,2226,9610.79000000,17.33490476,0
101,1590314400000,0.00180780,0.00180830,0.00180050,0.00180380,14611.29000000,1590317999999,26.35643392,1913,7000.79000000,12.62720120,0
102,1590318000000,0.00180390,0.00181000,0.00180260,0.00180700,32412.63000000,1590321599999,58.54154513,3338,18180.63000000,32.84173733,0
103,1590321600000,0.00180710,0.00181000,0.00180370,0.00180840,20178.57000000,1590325199999,36.47602996,2445,11179.29000000,20.21127948,0
104,1590325200000,0.00180850,0.00182010,0.00180850,0.00181210,55764.19000000,1590328799999,101.12853788,4102,38111.17000000,69.12428947,0
105,1590328800000,0.00181210,0.00182280,0.00181210,0.00182110,59543.99000000,1590332399999,108.26123365,3893,36891.40000000,67.08154529,0
106,1590332400000,0.00182110,0.00182260,0.00181110,0.00181420,36455.71000000,1590335999999,66.20596261,2376,24225.52000000,43.99470387,0
107,1590336000000,0.00181430,0.00182200,0.00180400,0.00181400,67969.59000000,1590339599999,123.25132861,6217,39328.77000000,71.36090993,0
108,1590339600000,0.00181370,0.00181780,0.00180580,0.00181270,29669.23000000,1590343199999,53.77641581,2689,17471.86000000,31.67083625,0
109,1590343200000,0.00181270,0.00181710,0.00181020,0.00181710,45523.77000000,1590346799999,82.57274104,2190,31747.76000000,57.58845356,0
110,1590346800000,0.00181710,0.00181920,0.00181410,0.00181920,28206.54000000,1590350399999,51.24496630,2358,20005.71000000,36.34719606,0
111,1590350400000,0.00181910,0.00181950,0.00181470,0.00181650,15061.79000000,1590353999999,27.37669037,1823,6628.47000000,12.04982204,0
112,1590354000000,0.00181650,0.00181720,0.00181270,0.00181350,45761.98000000,1590357599999,83.06367545,2231,34127.40000000,61.94943782,0
113,1590357600000,0.00181360,0.00182020,0.00181150,0.00181920,31654.56000000,1590361199999,57.53859903,2740,23632.68000000,42.96152947,0
114,1590361200000,0.00181910,0.00184000,0.00181110,0.00183180,111034.68000000,1590364799999,203.08001331,8451,69749.94000000,127.54620394,0
115,1590364800000,0.00183180,0.00184000,0.00182300,0.00183460,102352.83000000,1590368399999,187.69918399,8136,53915.06000000,98.89824844,0
116,1590368400000,0.00183490,0.00184430,0.00183230,0.00184270,65158.73000000,1590371999999,119.84141665,4024,32565.64000000,59.89493141,0
117,1590372000000,0.00184270,0.00184330,0.00183640,0.00183850,50368.05000000,1590375599999,92.71438570,2766,22018.53000000,40.53354150,0
118,1590375600000,0.00183840,0.00184200,0.00182790,0.00184170,55658.70000000,1590379199999,102.13292021,4652,28774.32000000,52.80884589,0
119,1590379200000,0.00184170,0.00185270,0.00184100,0.00184210,42697.69000000,1590382799999,78.83480967,3742,25296.54000000,46.70882100,0
120,1590382800000,0.00184190,0.00184450,0.00183710,0.00184220,33986.69000000,1590386399999,62.57669879,2620,16809.46000000,30.95401024,0
121,1590386400000,0.00184220,0.00184790,0.00183870,0.00184090,32561.94000000,1590389999999,59.99277014,3110,17245.44000000,31.77755560,0
122,1590390000000,0.00184090,0.00184750,0.00183620,0.00183910,37399.68000000,1590393599999,68.89691543,3635,18878.51000000,34.77861864,0
123,1590393600000,0.00183910,0.00184420,0.00183790,0.00184290,33452.99000000,1590397199999,61.61216531,3413,17108.05000000,31.50997845,0
124,1590397200000,0.00184270,0.00184820,0.00183930,0.00184300,54010.52000000,1590400799999,99.57493570,4433,28321.05000000,52.22249828,0
125,1590400800000,0.00184320,0.00185160,0.00184240,0.00184760,52915.71000000,1590404399999,97.75741730,3798,27549.99000000,50.90479948,0
126,1590404400000,0.00184780,0.00184950,0.00184000,0.00184190,30465.08000000,1590407999999,56.18731040,3070,12966.86000000,23.91513621,0
127,1590408000000,0.00184210,0.00185150,0.00184050,0.00185030,34122.82000000,1590411599999,63.04769057,3313,20241.55000000,37.40566184,0
128,1590411600000,0.00185030,0.00185080,0.00184320,0.00184400,28632.40000000,1590415199999,52.88525676,2831,12991.90000000,23.99785727,0
129,1590415200000,0.00184400,0.00185060,0.00184120,0.00184980,38482.68000000,1590418799999,71.01026333,3514,20341.79000000,37.54406484,0
130,1590418800000,0.00184980,0.00185220,0.00184470,0.00184650,28859.47000000,1590422399999,53.35624579,3014,14360.29000000,26.55181521,0
131,1590422400000,0.00184690,0.00185240,0.00184400,0.00185080,47196.65000000,1590425999999,87.20015409,3353,24439.15000000,45.16055332,0
132,1590426000000,0.00185080,0.00185120,0.00184060,0.00184270,33725.81000000,1590429599999,62.24519964,3068,13248.93000000,24.44918286,0
133,1590429600000,0.00184270,0.00184550,0.00183840,0.00183970,36807.41000000,1590433199999,67.78460805,2771,14267.12000000,26.27881648,0
134,1590433200000,0.00183970,0.00184260,0.00182720,0.00183310,42812.68000000,1590436799999,78.47131992,4221,20285.21000000,37.17825236,0
135,1590436800000,0.00183310,0.00183420,0.00182590,0.00182910,36366.40000000,1590440399999,66.50212379,3066,13732.94000000,25.11504562,0
136,1590440400000,0.00182920,0.00183410,0.00182750,0.00183200,19282.17000000,1590443999999,35.30920653,2791,10800.27000000,19.78000289,0
137,1590444000000,0.00183190,0.00183550,0.00182850,0.00183360,18091.09000000,1590447599999,33.14368554,2020,8374.82000000,15.34552652,0
138,1590447600000,0.00183360,0.00184010,0.00183120,0.00183990,21469.02000000,1590451199999,39.41648220,2037,11799.08000000,21.66610218,0
139,1590451200000,0.00183990,0.00184230,0.00183450,0.00183920,61792.09000000,1590454799999,113.60524342,3850,31124.06000000,57.23082296,0
140,1590454800000,0.00183930,0.00184010,0.00183100,0.00183800,52102.14000000,1590458399999,95.66717890,3545,23409.38000000,42.98609042,0
141,1590458400000,0.00183790,0.00184130,0.00183470,0.00183820,27844.45000000,1590461999999,51.17755474,2473,13735.33000000,25.24520272,0
142,1590462000000,0.00183810,0.00184910,0.00183220,0.00184600,41272.87000000,1590465599999,75.92718785,4143,22818.87000000,41.98838132,0
143,1590465600000,0.00184610,0.00184630,0.00183720,0.00183960,29888.54000000,1590469199999,55.03128760,3014,13634.69000000,25.10994105,0
144,1590469200000,0.00183950,0.00184250,0.00183420,0.00183660,29493.80000000,1590472799999,54.21579557,3135,14795.19000000,27.19815609,0
145,1590472800000,0.00183660,0.00183890,0.00183310,0.00183740,24380.78000000,1590476399999,44.75727479,2787,11984.62000000,22.00199219,0
146,1590476400000,0.00183740,0.00184240,0.00183150,0.00183270,35729.10000000,1590479999999,65.65881382,3033,17333.59000000,31.85689658,0
147,1590480000000,0.00183250,0.00183570,0.00182610,0.00183080,39016.77000000,1590483599999,71.43255824,3719,18111.69000000,33.16344450,0
148,1590483600000,0.00183090,0.00183890,0.00182510,0.00183410,50219.04000000,1590487199999,92.04973875,4188,26311.54000000,48.23417455,0
149,1590487200000,0.00183390,0.00183920,0.00182950,0.00183370,35381.36000000,1590490799999,64.85265169,3594,16883.27000000,30.95083966,0
150,1590490800000,0.00183350,0.00183450,0.00183000,0.00183130,30834.61000000,1590494399999,56.46186280,2557,14438.46000000,26.44051916,0
151,1590494400000,0.00183110,0.00183280,0.00182550,0.00183060,42113.18000000,1590497999999,77.05353637,3199,17741.14000000,32.46062412,0
152,1590498000000,0.00183080,0.00183360,0.00182740,0.00183310,29424.68000000,1590501599999,53.87362723,2559,15278.97000000,27.98157799,0
153,1590501600000,0.00183310,0.00183680,0.00183000,0.00183340,28148.58000000,1590505199999,51.60509543,2903,14705.19000000,26.96601667,0
154,1590505200000,0.00183350,0.00183860,0.00182930,0.00183410,45696.54000000,1590508799999,83.80564435,4538,24475.40000000,44.88952834,0
155,1590508800000,0.00183390,0.00183600,0.00183070,0.00183390,29341.61000000,1590512399999,53.80222564,3271,14551.53000000,26.68572613,0
156,1590512400000,0.00183390,0.00183640,0.00183170,0.00183460,22172.95000000,1590515999999,40.67468310,2511,10653.11000000,19.54458167,0
157,1590516000000,0.00183460,0.00183600,0.00183220,0.00183380,26245.76000000,1590519599999,48.14678214,2272,12293.67000000,22.55570208,0
158,1590519600000,0.00183380,0.00183650,0.00183140,0.00183210,23170.57000000,1590523199999,42.49759414,2329,9705.83000000,17.80483901,0
159,1590523200000,0.00183200,0.00183340,0.00182600,0.00182880,21517.42000000,1590526799999,39.35393845,2502,11568.11000000,21.15925225,0
160,1590526800000,0.00182890,0.00183290,0.00182610,0.00183160,16213.79000000,1590530399999,29.67261826,1929,6838.40000000,12.51685651,0
161,1590530400000,0.00183160,0.00183640,0.00183080,0.00183470,18507.58000000,1590533999999,33.94323811,2291,9632.65000000,17.66710641,0
162,1590534000000,0.00183490,0.00183770,0.00183250,0.00183380,21170.65000000,1590537599999,38.85836757,2494,12036.34000000,22.09603924,0
163,1590537600000,0.00183360,0.00184490,0.00182940,0.00183000,54713.75000000,1590541199999,100.45182433,4667,28127.73000000,51.65801949,0
164,1590541200000,0.00183000,0.00183700,0.00182970,0.00183380,31445.45000000,1590544799999,57.63587666,2643,14763.54000000,27.06100714,0
165,1590544800000,0.00183380,0.00183850,0.00183120,0.00183450,25875.48000000,1590548399999,47.48139641,2505,11837.54000000,21.72242303,0
166,1590548400000,0.00183450,0.00183500,0.00183000,0.00183330,21773.23000000,1590551999999,39.90705391,2351,10499.93000000,19.24551330,0
167,1590552000000,0.00183330,0.00183510,0.00182930,0.00182980,19559.13000000,1590555599999,35.82760652,1935,9655.24000000,17.68817988,0
168,1590555600000,0.00182990,0.00183510,0.00182930,0.00183240,18169.51000000,1590559199999,33.28847062,2086,8728.68000000,15.99389025,0
169,1590559200000,0.00183230,0.00183740,0.00183140,0.00183510,32331.38000000,1590562799999,59.34841751,2287,15541.83000000,28.52596575,0
170,1590562800000,0.00183510,0.00183810,0.00183370,0.00183400,19228.41000000,1590566399999,35.31217455,1695,10597.32000000,19.46309620,0
171,1590566400000,0.00183400,0.00183530,0.00182160,0.00182670,49207.49000000,1590569999999,89.93375013,4545,20384.75000000,37.26247359,0
172,1590570000000,0.00182670,0.00183120,0.00182350,0.00182810,33201.10000000,1590573599999,60.68175398,2626,13423.52000000,24.53820294,0
173,1590573600000,0.00182820,0.00182980,0.00179490,0.00180550,102101.68000000,1590577199999,184.66925778,10052,41095.74000000,74.28762622,0
174,1590577200000,0.00180570,0.00180680,0.00179260,0.00179650,69486.13000000,1590580799999,125.05007241,6093,27661.73000000,49.80541419,0
175,1590580800000,0.00179630,0.00180280,0.00179310,0.00180020,32624.30000000,1590584399999,58.64243913,3686,17911.92000000,32.19760326,0
176,1590584400000,0.00180020,0.00180110,0.00178940,0.00179310,42301.80000000,1590587999999,75.92043135,4481,17989.65000000,32.28833957,0
177,1590588000000,0.00179320,0.00179780,0.00179300,0.00179440,26964.15000000,1590591599999,48.41208289,2848,15534.91000000,27.89298551,0
178,1590591600000,0.00179440,0.00179710,0.00178740,0.00179270,65592.18000000,1590595199999,117.57032354,4789,31709.17000000,56.83779353,0
179,1590595200000,0.00179270,0.00179550,0.00179000,0.00179240,40562.97000000,1590598799999,72.69276199,2897,12061.49000000,21.62260631,0
180,1590598800000,0.00179250,0.00179550,0.00178820,0.00179540,43724.27000000,1590602399999,78.32566187,3013,16429.53000000,29.43944368,0
181,1590602400000,0.00179520,0.00179820,0.00179350,0.00179740,15451.38000000,1590605999999,27.74619543,1711,7353.28000000,13.20557704,0
182,1590606000000,0.00179740,0.00179840,0.00179110,0.00179240,17315.32000000,1590609599999,31.07852881,1733,10152.96000000,18.22422956,0
183,1590609600000,0.00179270,0.00179720,0.00179180,0.00179280,12382.78000000,1590613199999,22.21532804,1360,6301.06000000,11.30778490,0
184,1590613200000,0.00179280,0.00180040,0.00179110,0.00179920,15790.34000000,1590616799999,28.35734830,2036,7996.83000000,14.36110397,0
185,1590616800000,0.00179930,0.00180160,0.00179380,0.00179630,20624.22000000,1590620399999,37.07776407,1960,6800.19000000,12.22782904,0
186,1590620400000,0.00179700,0.00179790,0.00178770,0.00178930,22874.39000000,1590623999999,40.98609614,2116,8003.01000000,14.34511460,0
187,1590624000000,0.00178860,0.00179700,0.00178080,0.00178200,42826.32000000,1590627599999,76.70413003,2992,18928.03000000,33.91358624,0
188,1590627600000,0.00178260,0.00178780,0.00178060,0.00178530,45063.95000000,1590631199999,80.38152585,2383,20425.18000000,36.43800889,0
189,1590631200000,0.00178540,0.00180300,0.00178420,0.00179400,77893.30000000,1590634799999,139.76885596,3580,34466.00000000,61.84614216,0
190,1590634800000,0.00179430,0.00179950,0.00179080,0.00179650,28912.07000000,1590638399999,51.92041295,1696,15402.56000000,27.66056388,0
191,1590638400000,0.00179780,0.00180000,0.00179060,0.00179280,21479.46000000,1590641999999,38.54326894,1998,10598.16000000,19.01720700,0
192,1590642000000,0.00179280,0.00180050,0.00179070,0.00179890,24229.99000000,1590645599999,43.52606856,1778,11287.70000000,20.27573000,0
193,1590645600000,0.00179880,0.00180050,0.00179560,0.00179890,18848.29000000,1590649199999,33.89223624,1680,8382.66000000,15.07418185,0
194,1590649200000,0.00179890,0.00180100,0.00179520,0.00179750,21930.05000000,1590652799999,39.44000099,1398,9928.23000000,17.85835453,0
195,1590652800000,0.00179690,0.00180100,0.00179300,0.00179300,16143.42000000,1590656399999,29.01467615,1984,7157.51000000,12.86901168,0
196,1590656400000,0.00179310,0.00179530,0.00178970,0.00179180,20106.87000000,1590659999999,36.04537950,1932,9324.78000000,16.71722726,0
197,1590660000000,0.00179190,0.00179750,0.00179130,0.00179500,11796.75000000,1590663599999,21.17461607,1527,6057.82000000,10.87617267,0
198,1590663600000,0.00179500,0.00179780,0.00177650,0.00178010,35827.72000000,1590667199999,63.94994987,3580,15125.07000000,27.01734322,0
199,1590667200000,0.00178030,0.00178520,0.00175700,0.00176080,78772.59000000,1590670799999,139.33069819,6764,32508.86000000,57.52544760,0
200,1590670800000,0.00176010,0.00176900,0.00175710,0.00176520,37757.24000000,1590674399999,66.60200419,2800,19737.40000000,34.81814329,0
201,1590674400000,0.00176550,0.00177140,0.00175500,0.00176940,62698.70000000,1590677999999,110.56306425,3880,28635.77000000,50.49446922,0
202,1590678000000,0.00176990,0.00178800,0.00176900,0.00178310,37487.71000000,1590681599999,66.77908455,3330,19857.08000000,35.38104945,0
203,1590681600000,0.00178220,0.00179620,0.00177800,0.00179450,44234.50000000,1590685199999,79.20829222,3536,21324.62000000,38.19052123,0
204,1590685200000,0.00179500,0.00179510,0.00178500,0.00178540,20622.78000000,1590688799999,36.87116184,1685,8227.60000000,14.71112142,0
205,1590688800000,0.00178670,0.00178960,0.00178500,0.00178780,19748.68000000,1590692399999,35.29220583,2118,10684.90000000,19.09564017,0
206,1590692400000,0.00178800,0.00179300,0.00178620,0.00179240,19277.27000000,1590695999999,34.49952281,1596,9608.76000000,17.20216746,0
207,1590696000000,0.00179230,0.00179800,0.00178940,0.00179000,15390.34000000,1590699599999,27.62119194,1689,8259.76000000,14.82918453,0
208,1590699600000,0.00179020,0.00179650,0.00178930,0.00179050,23980.85000000,1590703199999,43.00391395,1783,11671.34000000,20.93375307,0
209,1590703200000,0.00179040,0.00179220,0.00178000,0.00179090,45082.45000000,1590706799999,80.59427020,2628,16173.38000000,28.91436522,0
210,1590706800000,0.00179090,0.00179470,0.00178100,0.00178260,53104.07000000,1590710399999,94.83894900,3586,28508.47000000,50.91121913,0
211,1590710400000,0.00178260,0.00179360,0.00178220,0.00179100,55965.99000000,1590713999999,100.03438091,3462,30096.59000000,53.79520420,0
212,1590714000000,0.00179080,0.00180500,0.00178830,0.00180500,50479.74000000,1590717599999,90.60134308,3381,30304.68000000,54.41424116,0
213,1590717600000,0.00180470,0.00180600,0.00179340,0.00180070,30210.07000000,1590721199999,54.33201689,2328,13856.29000000,24.92350493,0
214,1590721200000,0.00180190,0.00180220,0.00179520,0.00179580,25920.97000000,1590724799999,46.60961291,1706,10860.18000000,19.53003211,0
215,1590724800000,0.00179560,0.00180000,0.00179380,0.00179810,18075.87000000,1590728399999,32.49717314,1479,9101.87000000,16.36616628,0
216,1590728400000,0.00179810,0.00179960,0.00179270,0.00179320,31369.02000000,1590731999999,56.33468856,1749,8050.67000000,14.46042857,0
217,1590732000000,0.00179310,0.00179490,0.00178730,0.00178990,16911.19000000,1590735599999,30.29649411,1529,5180.77000000,9.28321019,0
218,1590735600000,0.00178980,0.00179970,0.00178910,0.00179250,35962.18000000,1590739199999,64.48245311,1916,11796.67000000,21.16104816,0
219,1590739200000,0.00179250,0.00179360,0.00177830,0.00178190,42964.78000000,1590742799999,76.75864934,3351,16531.68000000,29.53591356,0
220,1590742800000,0.00178110,0.00178490,0.00177670,0.00178370,24468.17000000,1590746399999,43.56312597,2151,12508.00000000,22.27261362,0
221,1590746400000,0.00178350,0.00178850,0.00178080,0.00178300,19967.19000000,1590749999999,35.60742178,2062,9452.97000000,16.86267081,0
222,1590750000000,0.00178290,0.00179080,0.00178080,0.00178980,15929.69000000,1590753599999,28.44086646,1908,8128.43000000,14.51622843,0
223,1590753600000,0.00178910,0.00179070,0.00178170,0.00178940,15153.73000000,1590757199999,27.06471685,1803,7654.51000000,13.67289465,0
224,1590757200000,0.00178980,0.00179170,0.00178380,0.00178790,35244.29000000,1590760799999,63.02808773,2014,12707.62000000,22.73418808,0
225,1590760800000,0.00178790,0.00180390,0.00178280,0.00179700,94425.08000000,1590764399999,169.61071975,4128,54735.79000000,98.30922551,0
226,1590764400000,0.00179690,0.00179770,0.00178810,0.00179060,55553.29000000,1590767999999,99.63533751,2930,21349.17000000,38.28132802,0
227,1590768000000,0.00179020,0.00179450,0.00178860,0.00179190,43293.74000000,1590771599999,77.53433196,2888,14813.27000000,26.52845124,0
228,1590771600000,0.00179170,0.00179930,0.00178970,0.00179500,65504.83000000,1590775199999,117.61363922,2500,21639.35000000,38.84575229,0
229,1590775200000,0.00179500,0.00179900,0.00179080,0.00179810,35738.89000000,1590778799999,64.15056967,2153,19846.27000000,35.63273946,0
230,1590778800000,0.00179790,0.00181490,0.00179680,0.00181390,64213.56000000,1590782399999,115.94931539,3401,41534.35000000,74.99762871,0
231,1590782400000,0.00181420,0.00181650,0.00180800,0.00181460,47444.65000000,1590785999999,86.02522599,2411,18567.07000000,33.67367398,0
232,1590786000000,0.00181450,0.00181620,0.00180000,0.00180490,33755.38000000,1590789599999,61.03771456,2493,13227.18000000,23.93436789,0
233,1590789600000,0.00180440,0.00180680,0.00180040,0.00180340,12751.46000000,1590793199999,22.99669733,1343,6008.45000000,10.83683408,0
234,1590793200000,0.00180310,0.00180540,0.00180200,0.00180350,73978.34000000,1590796799999,133.41058513,1734,42535.33000000,76.71175176,0
235,1590796800000,0.00180340,0.00182590,0.00180310,0.00181670,99339.11000000,1590800399999,180.35956565,5572,56473.70000000,102.52646136,0
236,1590800400000,0.00181680,0.00181730,0.00180950,0.00181010,41696.59000000,1590803999999,75.64271032,2077,26373.74000000,47.85080280,0
237,1590804000000,0.00181050,0.00181410,0.00180770,0.00180870,26349.34000000,1590807599999,47.71629273,1890,13775.31000000,24.95305796,0
238,1590807600000,0.00180960,0.00182470,0.00180730,0.00181450,33698.78000000,1590811199999,61.17157907,2586,15104.90000000,27.41155892,0
239,1590811200000,0.00181460,0.00182080,0.00180270,0.00180770,116042.74000000,1590814799999,210.39330316,5541,43068.52000000,78.10252542,0
240,1590814800000,0.00180750,0.00182800,0.00180710,0.00181360,51860.09000000,1590818399999,94.10781225,4453,25852.89000000,46.91523161,0
241,1590818400000,0.00181360,0.00182900,0.00180690,0.00181930,48738.22000000,1590821999999,88.61017304,3368,25504.87000000,46.36753574,0
242,1590822000000,0.00181980,0.00183000,0.00181410,0.00181490,49199.21000000,1590825599999,89.57784430,2878,19338.52000000,35.23332078,0
243,1590825600000,0.00181500,0.00182200,0.00181410,0.00181710,20296.25000000,1590829199999,36.88312322,1678,11549.86000000,20.98760233,0
244,1590829200000,0.00181740,0.00182140,0.00181470,0.00181650,24083.40000000,1590832799999,43.77016302,1768,11731.74000000,21.32425789,0
245,1590832800000,0.00181650,0.00182420,0.00181600,0.00182200,18127.79000000,1590836399999,32.99556335,1736,10411.93000000,18.95255344,0
246,1590836400000,0.00182240,0.00183150,0.00181930,0.00183050,23896.50000000,1590839999999,43.65506646,1918,14211.93000000,25.96548489,0
247,1590840000000,0.00183050,0.00183980,0.00183020,0.00183290,30008.86000000,1590843599999,55.06571663,2628,17448.68000000,32.01845135,0
248,1590843600000,0.00183320,0.00183410,0.00182520,0.00182610,36195.07000000,1590847199999,66.18691529,2290,13337.13000000,24.39583251,0
249,1590847200000,0.00182610,0.00183180,0.00182500,0.00183030,89736.39000000,1590850799999,164.02568362,2302,24273.75000000,44.38755602,0
250,1590850800000,0.00183020,0.00183140,0.00182070,0.00182250,69139.06000000,1590854399999,126.10356197,3280,25125.74000000,45.84118919,0
251,1590854400000,0.00182250,0.00183110,0.00182100,0.00182990,32791.40000000,1590857999999,59.89256704,2436,17630.69000000,32.20181977,0
252,1590858000000,0.00183000,0.00183400,0.00182800,0.00183360,30664.02000000,1590861599999,56.15167668,2165,18496.37000000,33.87439143,0
253,1590861600000,0.00183360,0.00183580,0.00183250,0.00183550,20861.19000000,1590865199999,38.27408052,1582,10860.81000000,19.92899923,0
254,1590865200000,0.00183550,0.00184500,0.00183550,0.00184500,34534.46000000,1590868799999,63.53049152,2484,23051.52000000,42.40148363,0
255,1590868800000,0.00184490,0.00184570,0.00183300,0.00184240,39206.61000000,1590872399999,72.08973071,2990,16547.31000000,30.43682793,0
256,1590872400000,0.00184250,0.00184990,0.00184150,0.00184590,26027.41000000,1590875999999,48.05756403,2255,16064.67000000,29.66271143,0
257,1590876000000,0.00184640,0.00184820,0.00182300,0.00182630,71897.28000000,1590879599999,131.99900941,5226,32585.58000000,59.83815103,0
258,1590879600000,0.00182620,0.00183280,0.00182020,0.00182790,43886.43000000,1590883199999,80.12896468,3268,22373.04000000,40.85560054,0
259,1590883200000,0.00182830,0.00184920,0.00182540,0.00184430,50169.17000000,1590886799999,92.01742533,3286,31958.76000000,58.61572803,0
260,1590886800000,0.00184290,0.00188000,0.00183970,0.00186800,144486.58000000,1590890399999,268.88297482,8174,86946.39000000,161.83058861,0
261,1590890400000,0.00186810,0.00187030,0.00185550,0.00185550,53057.53000000,1590893999999,98.75170075,2628,21035.15000000,39.15997909,0
262,1590894000000,0.00185550,0.00186420,0.00182530,0.00183310,120148.43000000,1590897599999,221.76569644,7206,49980.07000000,92.27466487,0
263,1590897600000,0.00183320,0.00184080,0.00183210,0.00183870,28697.00000000,1590901199999,52.68126467,1974,14144.84000000,25.96850014,0
264,1590901200000,0.00183900,0.00184990,0.00183410,0.00183750,47952.44000000,1590904799999,88.27063308,3153,20289.53000000,37.35393626,0
265,1590904800000,0.00183740,0.00184610,0.00183400,0.00184610,23809.16000000,1590908399999,43.76802274,1494,9823.46000000,18.07306527,0
266,1590908400000,0.00184620,0.00185600,0.00184160,0.00185600,30406.99000000,1590911999999,56.21720618,2405,17921.69000000,33.14608982,0
267,1590912000000,0.00185520,0.00186000,0.00184810,0.00185750,39537.13000000,1590915599999,73.38699291,2605,21230.59000000,39.40823166,0
268,1590915600000,0.00185670,0.00186320,0.00185500,0.00186040,24993.55000000,1590919199999,46.48546142,1747,11314.36000000,21.04210376,0
269,1590919200000,0.00185970,0.00186870,0.00185970,0.00186690,33325.47000000,1590922799999,62.11955932,2313,18630.48000000,34.73365039,0
270,1590922800000,0.00186690,0.00186970,0.00185500,0.00185950,29644.93000000,1590926399999,55.24769139,2500,12360.69000000,23.04420615,0
271,1590926400000,0.00185820,0.00185840,0.00184610,0.00184810,38498.60000000,1590929999999,71.29177685,2929,16037.19000000,29.70615780,0
272,1590930000000,0.00184810,0.00185650,0.00184510,0.00185000,39045.78000000,1590933599999,72.28082537,2685,17818.01000000,32.98389873,0
273,1590933600000,0.00185030,0.00185070,0.00182800,0.00183010,66764.48000000,1590937199999,122.70307294,4595,26787.30000000,49.24342458,0
274,1590937200000,0.00182970,0.00183620,0.00182530,0.00183000,81556.74000000,1590940799999,149.31676774,3800,37132.03000000,67.99312218,0
275,1590940800000,0.00182930,0.00183420,0.00182500,0.00183180,30437.43000000,1590944399999,55.68464301,2275,15929.08000000,29.14772248,0
276,1590944400000,0.00183040,0.00183850,0.00182740,0.00183170,42019.99000000,1590947999999,77.06179867,2584,15897.63000000,29.15776986,0
277,1590948000000,0.00183210,0.00183450,0.00182470,0.00182710,17192.81000000,1590951599999,31.46502053,1765,7048.07000000,12.90466018,0
278,1590951600000,0.00182710,0.00183000,0.00182500,0.00182960,15025.47000000,1590955199999,27.45997593,1457,9098.16000000,16.62928845,0
279,1590955200000,0.00182970,0.00183000,0.00182220,0.00182920,21273.65000000,1590958799999,38.85270432,2031,10368.76000000,18.93926055,0
280,1590958800000,0.00182920,0.00182920,0.00180110,0.00181690,48774.92000000,1590962399999,88.43581887,4563,17584.22000000,31.87457594,0
281,1590962400000,0.00181690,0.00182560,0.00181120,0.00181220,42385.93000000,1590965999999,77.10940224,2849,15341.19000000,27.91987205,0
282,1590966000000,0.00181310,0.00181600,0.00179310,0.00180850,81678.70000000,1590969599999,147.08415426,5475,37064.57000000,66.74403489,0
283,1590969600000,0.00180920,0.00181300,0.00179980,0.00181160,73009.76000000,1590973199999,131.88140343,3273,33488.33000000,60.49472438,0
284,1590973200000,0.00181140,0.00182590,0.00180810,0.00182370,54387.68000000,1590976799999,98.88139679,2607,32128.36000000,58.40996645,0
285,1590976800000,0.00182410,0.00183440,0.00182200,0.00183440,64901.54000000,1590980399999,118.52116108,2892,36141.49000000,66.01605924,0
286,1590980400000,0.00183410,0.00183620,0.00182210,0.00182550,55693.64000000,1590983999999,101.87165633,2215,28625.06000000,52.36184988,0
287,1590984000000,0.00182520,0.00182530,0.00181400,0.00181480,50167.58000000,1590987599999,91.31911996,2602,23023.27000000,41.92159612,0
288,1590987600000,0.00181440,0.00182040,0.00181140,0.00181720,43703.21000000,1590991199999,79.40007673,2017,27330.48000000,49.66060861,0
289,1590991200000,0.00181660,0.00182160,0.00181350,0.00181850,34956.09000000,1590994799999,63.53626958,1709,15412.55000000,28.01641350,0
290,1590994800000,0.00181840,0.00182490,0.00181700,0.00181820,59289.20000000,1590998399999,107.97256240,2509,27420.24000000,49.94244738,0
291,1590998400000,0.00181770,0.00182630,0.00181660,0.00182090,25283.46000000,1591001999999,46.06613675,2072,13399.67000000,24.41442048,0
292,1591002000000,0.00182090,0.00182740,0.00182020,0.00182130,25388.87000000,1591005599999,46.29893135,1942,12054.35000000,21.98106029,0
293,1591005600000,0.00182090,0.00182370,0.00181400,0.00181630,27712.03000000,1591009199999,50.37192210,2152,13238.74000000,24.06851684,0
294,1591009200000,0.00181650,0.00182090,0.00181420,0.00181790,30160.90000000,1591012799999,54.82937062,1808,16582.20000000,30.14539089,0
295,1591012800000,0.00181790,0.00181800,0.00180660,0.00181490,44024.55000000,1591016399999,79.79323886,3240,22322.59000000,40.46297642,0
296,1591016400000,0.00181470,0.00181780,0.00181300,0.00181700,45142.99000000,1591019999999,81.97007726,1768,12969.23000000,23.54994281,0
297,1591020000000,0.00181640,0.00182080,0.00181520,0.00181990,24864.46000000,1591023599999,45.21333771,1911,14464.40000000,26.30548048,0
298,1591023600000,0.00182000,0.00182000,0.00181330,0.00181890,32639.85000000,1591027199999,59.32702494,1995,17228.19000000,31.32009830,0
299,1591027200000,0.00181900,0.00182000,0.00181330,0.00181790,65192.03000000,1591030799999,118.47065372,2263,19067.41000000,34.65346745,0
300,1591030800000,0.00181840,0.00182470,0.00181570,0.00181890,91841.10000000,1591034399999,167.24366433,1890,16087.60000000,29.29020462,0
301,1591034400000,0.00181910,0.00181930,0.00181330,0.00181730,65282.96000000,1591037999999,118.60006862,1472,11888.89000000,21.59943244,0
302,1591038000000,0.00181680,0.00182180,0.00181490,0.00182140,25661.31000000,1591041599999,46.66311751,1623,15065.81000000,27.40103970,0
303,1591041600000,0.00182140,0.00182290,0.00180650,0.00180710,30839.48000000,1591045199999,55.98512648,2436,17383.82000000,31.57114326,0
304,1591045200000,0.00180720,0.00181800,0.00180400,0.00181610,74282.44000000,1591048799999,134.38575521,2047,12903.42000000,23.36738930,0
305,1591048800000,0.00181620,0.00182060,0.00181120,0.00181500,55701.30000000,1591052399999,101.14522087,2592,22772.33000000,41.36010715,0
306,1591052400000,0.00181490,0.00181490,0.00174950,0.00175840,233577.54000000,1591055999999,414.96146437,18401,82893.47000000,147.26170505,0
307,1591056000000,0.00175880,0.00176730,0.00175140,0.00176610,57500.85000000,1591059599999,101.06289857,3260,28903.62000000,50.81442351,0
308,1591059600000,0.00176610,0.00176910,0.00176100,0.00176390,51167.09000000,1591063199999,90.28875730,2383,22669.26000000,40.00463023,0
309,1591063200000,0.00176370,0.00177440,0.00176300,0.00177160,62594.78000000,1591066799999,110.72699348,2317,38194.93000000,67.60398871,0
310,1591066800000,0.00177170,0.00177670,0.00176620,0.00177080,36681.06000000,1591070399999,64.99287732,1675,20282.28000000,35.94093240,0
311,1591070400000,0.00177080,0.00177380,0.00176570,0.00177200,72179.65000000,1591073999999,127.74806910,2178,45196.65000000,80.00333902,0
312,1591074000000,0.00177200,0.00178060,0.00176970,0.00177960,79764.23000000,1591077599999,141.54691723,2397,58594.47000000,103.98965859,0
313,1591077600000,0.00177960,0.00178190,0.00177090,0.00178140,52475.02000000,1591081199999,93.28426784,2011,34436.76000000,61.23574656,0
314,1591081200000,0.00178140,0.00178900,0.00177800,0.00178070,80782.99000000,1591084799999,144.12329520,3219,48865.40000000,87.18909608,0
315,1591084800000,0.00178040,0.00178580,0.00177560,0.00177980,56006.00000000,1591088399999,99.70754520,2670,31741.88000000,56.51378015,0
316,1591088400000,0.00177980,0.00178440,0.00177980,0.00178210,22070.65000000,1591091999999,39.31998922,1449,11399.57000000,20.31193761,0
317,1591092000000,0.00178210,0.00179720,0.00178080,0.00178840,40369.78000000,1591095599999,72.28461751,2412,22945.15000000,41.09144202,0
318,1591095600000,0.00178780,0.00179410,0.00178430,0.00178870,33288.85000000,1591099199999,59.56218796,1920,14803.05000000,26.48630336,0
319,1591099200000,0.00178870,0.00179290,0.00178850,0.00179050,14228.98000000,1591102799999,25.48514009,1100,7563.36000000,13.54531156,0
320,1591102800000,0.00179050,0.00179110,0.00178080,0.00178340,32550.90000000,1591106399999,58.12068802,2227,10935.98000000,19.52383310,0
321,1591106400000,0.00178340,0.00180990,0.00177610,0.00178690,89875.77000000,1591109999999,160.77184580,7295,45611.75000000,81.61540557,0
322,1591110000000,0.00178830,0.00180300,0.00178400,0.00180120,68465.12000000,1591113599999,122.91217987,5362,35549.76000000,63.82230534,0
323,1591113600000,0.00180130,0.00181000,0.00179550,0.00180810,30941.78000000,1591117199999,55.81967978,2503,16675.68000000,30.09889762,0
324,1591117200000,0.00180810,0.00181090,0.00180500,0.00180650,38776.92000000,1591120799999,70.11874170,1607,14354.47000000,25.95976465,0
325,1591120800000,0.00180650,0.00180770,0.00180090,0.00180470,102401.26000000,1591124399999,184.81610765,1892,15706.09000000,28.34708097,0
326,1591124400000,0.00180490,0.00181060,0.00180400,0.00181040,149640.54000000,1591127999999,270.62306803,1549,29739.12000000,53.76975882,0
327,1591128000000,0.00181050,0.00181150,0.00180000,0.00180230,56549.92000000,1591131599999,102.13272340,2052,21792.34000000,39.34804099,0
328,1591131600000,0.00180220,0.00181160,0.00180070,0.00181160,33200.40000000,1591135199999,59.94698103,1586,18240.00000000,32.94139305,0
329,1591135200000,0.00181160,0.00181550,0.00180820,0.00180910,53360.92000000,1591138799999,96.64327488,2052,31583.87000000,57.20648046,0
330,1591138800000,0.00180950,0.00181980,0.00180630,0.00181380,86899.21000000,1591142399999,157.71421730,2699,49038.31000000,88.99829778,0
331,1591142400000,0.00181400,0.00181760,0.00180960,0.00181080,50350.92000000,1591145999999,91.31916664,1645,35087.69000000,63.63504796,0
332,1591146000000,0.00181080,0.00181340,0.00180640,0.00180830,45691.90000000,1591149599999,82.66268636,1280,36180.93000000,65.45677219,0
333,1591149600000,0.00180840,0.00180930,0.00180000,0.00180860,71644.38000000,1591153199999,129.39122192,1970,57163.57000000,103.25252389,0
334,1591153200000,0.00180860,0.00181180,0.00180610,0.00181000,82214.50000000,1591156799999,148.73694724,1271,70954.29000000,128.37201532,0
335,1591156800000,0.00181000,0.00181170,0.00180330,0.00180640,32632.18000000,1591160399999,58.98094099,1336,23178.94000000,41.90216568,0
336,1591160400000,0.00180640,0.00181190,0.00180290,0.00180930,49289.97000000,1591163999999,89.09472790,1675,35199.38000000,63.62645287,0
337,1591164000000,0.00180930,0.00181090,0.00180600,0.00180710,23133.01000000,1591167599999,41.82483226,1182,18072.62000000,32.67413079,0
338,1591167600000,0.00180710,0.00180930,0.00180450,0.00180910,47895.77000000,1591171199999,86.57437356,1352,40998.62000000,74.10982128,0
339,1591171200000,0.00180920,0.00181380,0.00180720,0.00181290,60352.64000000,1591174799999,109.24756546,1309,54488.27000000,98.63341376,0
340,1591174800000,0.00181300,0.00181860,0.00181040,0.00181700,73386.49000000,1591178399999,133.09750561,1537,67555.40000000,122.51908012,0
341,1591178400000,0.00181690,0.00182270,0.00181240,0.00181540,58662.53000000,1591181999999,106.62599071,2231,45469.92000000,82.65291367,0
342,1591182000000,0.00181500,0.00181750,0.00181140,0.00181260,32077.38000000,1591185599999,58.23283056,1535,25365.67000000,46.05352162,0
343,1591185600000,0.00181270,0.00183400,0.00181050,0.00181550,56576.04000000,1591189199999,103.19030531,4240,34549.42000000,63.03035914,0
344,1591189200000,0.00181560,0.00181970,0.00181540,0.00181680,36607.25000000,1591192799999,66.53420555,1421,10526.68000000,19.13042434,0
345,1591192800000,0.00181680,0.00182190,0.00181400,0.00181560,44459.92000000,1591196399999,80.74456974,2084,17797.39000000,32.33536081,0
346,1591196400000,0.00181560,0.00181810,0.00181350,0.00181720,71172.80000000,1591199999999,129.23868780,1894,17145.70000000,31.14020578,0
347,1591200000000,0.00181810,0.00182300,0.00181640,0.00182240,84959.72000000,1591203599999,154.72044625,1889,13523.46000000,24.61848480,0
348,1591203600000,0.00182290,0.00182500,0.00181700,0.00181820,64585.33000000,1591207199999,117.52620303,1768,11789.52000000,21.46392219,0
349,1591207200000,0.00181870,0.00182300,0.00181700,0.00182240,72256.67000000,1591210799999,131.51202778,1639,16675.87000000,30.35842064,0
350,1591210800000,0.00182250,0.00182560,0.00181930,0.00182540,26755.67000000,1591214399999,48.76984419,1568,15841.00000000,28.87333571,0
351,1591214400000,0.00182550,0.00182790,0.00182400,0.00182750,54346.41000000,1591217999999,99.25540898,1373,16445.31000000,30.03894731,0
352,1591218000000,0.00182750,0.00182860,0.00182280,0.00182280,155019.57000000,1591221599999,282.95442604,1499,24663.64000000,45.02928992,0
353,1591221600000,0.00182280,0.00182560,0.00182190,0.00182220,59508.43000000,1591225199999,108.50913684,1242,27788.02000000,50.67537320,0
354,1591225200000,0.00182220,0.00182490,0.00181460,0.00181900,110108.43000000,1591228799999,200.42333838,1928,45910.66000000,83.54066177,0
355,1591228800000,0.00181900,0.00182650,0.00181900,0.00182220,67982.76000000,1591232399999,123.87127025,1649,56273.11000000,102.54073476,0
356,1591232400000,0.00182230,0.00182560,0.00181660,0.00181960,53437.61000000,1591235999999,97.27706538,2024,39854.82000000,72.55457701,0
357,1591236000000,0.00182060,0.00182260,0.00181630,0.00181760,38233.27000000,1591239599999,69.58663988,1570,27537.05000000,50.12503969,0
358,1591239600000,0.00181770,0.00182260,0.00181770,0.00182110,69970.32000000,1591243199999,127.39763310,1259,53681.94000000,97.73821455,0
359,1591243200000,0.00182100,0.00182240,0.00181500,0.00181720,52430.52000000,1591246799999,95.35619641,1534,39487.18000000,71.81496156,0
360,1591246800000,0.00181710,0.00181740,0.00181290,0.00181660,56601.62000000,1591250399999,102.72076500,1405,48992.53000000,88.91272750,0
361,1591250400000,0.00181660,0.00181780,0.00181400,0.00181720,41592.95000000,1591253999999,75.54254245,1388,32737.50000000,59.45805491,0
362,1591254000000,0.00181720,0.00182120,0.00181440,0.00181990,79125.33000000,1591257599999,143.88274168,1372,72652.95000000,132.11842592,0
363,1591257600000,0.00181960,0.00182050,0.00181430,0.00181770,66800.65000000,1591261199999,121.39356544,1597,56673.75000000,102.99042400,0
364,1591261200000,0.00181780,0.00181940,0.00180020,0.00181320,28771.04000000,1591264799999,52.08302812,3554,12782.98000000,23.15331813,0
365,1591264800000,0.00181310,0.00181410,0.00180780,0.00181110,16679.83000000,1591268399999,30.19488946,1381,8166.79000000,14.78584709,0
366,1591268400000,0.00181200,0.00181230,0.00180120,0.00180410,21740.83000000,1591271999999,39.24992686,2048,9363.18000000,16.90570721,0
367,1591272000000,0.00180360,0.00180640,0.00179740,0.00180240,20207.16000000,1591275599999,36.38679208,1998,8951.38000000,16.11964017,0
368,1591275600000,0.00180240,0.00180750,0.00179200,0.00179600,26989.72000000,1591279199999,48.54835465,2601,12613.84000000,22.69771338,0
369,1591279200000,0.00179580,0.00179730,0.00179180,0.00179290,12765.47000000,1591282799999,22.91175623,1437,5974.90000000,10.72578569,0
370,1591282800000,0.00179290,0.00179510,0.00178480,0.00178600,31829.17000000,1591286399999,57.03256414,2124,6906.57000000,12.38102669,0
371,1591286400000,0.00178500,0.00179450,0.00178390,0.00179360,48561.98000000,1591289999999,86.99366497,1673,16520.76000000,29.58578870,0
372,1591290000000,0.00179380,0.00179450,0.00178440,0.00178540,29888.22000000,1591293599999,53.48716516,1359,4216.54000000,7.55087109,0
373,1591293600000,0.00178520,0.00179490,0.00177790,0.00178720,53823.63000000,1591297199999,95.96968206,3310,30190.05000000,53.84710791,0
374,1591297200000,0.00178740,0.00178900,0.00177200,0.00177510,35940.85000000,1591300799999,64.00630925,2251,9082.93000000,16.17098037,0
375,1591300800000,0.00177510,0.00178670,0.00177350,0.00178580,38280.80000000,1591304399999,68.20589546,1541,7394.22000000,13.16651979,0
376,1591304400000,0.00178580,0.00179420,0.00178550,0.00178950,15796.54000000,1591307999999,28.26530888,1288,5635.58000000,10.08887833,0
377,1591308000000,0.00178950,0.00179450,0.00178230,0.00178510,35223.35000000,1591311599999,62.99948041,1267,5709.70000000,10.21449803,0
378,1591311600000,0.00178520,0.00179140,0.00178370,0.00178890,26147.74000000,1591315199999,46.74518674,1114,3943.41000000,7.05185205,0
379,1591315200000,0.00178850,0.00179040,0.00178250,0.00179020,52181.05000000,1591318799999,93.20365792,1490,40327.58000000,72.03444067,0
380,1591318800000,0.00179020,0.00179400,0.00178720,0.00178900,67505.31000000,1591322399999,120.81697918,1360,47798.88000000,85.55051568,0
381,1591322400000,0.00178860,0.00179570,0.00178650,0.00178840,56772.69000000,1591325999999,101.67596125,1338,42430.03000000,75.99640323,0
382,1591326000000,0.00178840,0.00179270,0.00178560,0.00178930,43280.37000000,1591329599999,77.45210860,1114,32799.58000000,58.70203910,0
383,1591329600000,0.00178920,0.00179150,0.00178390,0.00178950,42882.99000000,1591333199999,76.66145224,1471,29941.83000000,53.52025032,0
384,1591333200000,0.00179040,0.00181400,0.00178890,0.00181320,61600.62000000,1591336799999,111.00068568,3073,43949.87000000,79.16833359,0
385,1591336800000,0.00181320,0.00181920,0.00180950,0.00181700,42957.42000000,1591340399999,77.93812394,2012,24318.28000000,44.11951732,0
386,1591340400000,0.00181720,0.00182190,0.00181500,0.00181580,35669.94000000,1591343999999,64.85705056,1721,19341.21000000,35.15365163,0
387,1591344000000,0.00181570,0.00182550,0.00181140,0.00181530,32640.58000000,1591347599999,59.28545883,2173,22728.72000000,41.28833382,0
388,1591347600000,0.00181620,0.00181710,0.00180720,0.00180780,100260.37000000,1591351199999,181.58103322,1601,88171.98000000,159.68530640,0
389,1591351200000,0.00180780,0.00181390,0.00180350,0.00181260,38451.83000000,1591354799999,69.53081979,2254,23776.41000000,42.99618418,0
390,1591354800000,0.00181270,0.00181990,0.00180930,0.00181430,21504.41000000,1591358399999,39.00619777,1680,12565.73000000,22.79096601,0
391,1591358400000,0.00181370,0.00181960,0.00181000,0.00181710,23727.16000000,1591361999999,43.03534502,1777,13353.61000000,24.22793078,0
392,1591362000000,0.00181640,0.00181760,0.00180900,0.00181110,22614.15000000,1591365599999,41.00164279,1494,8507.71000000,15.43454387,0
393,1591365600000,0.00181110,0.00181920,0.00181100,0.00181680,28710.60000000,1591369199999,52.12141278,3179,13097.68000000,23.78195985,0
394,1591369200000,0.00181680,0.00181960,0.00181440,0.00181720,33938.74000000,1591372799999,61.64989757,2071,10177.72000000,18.49164645,0
395,1591372800000,0.00181720,0.00182510,0.00181590,0.00182510,27016.95000000,1591376399999,49.22056939,2073,13739.87000000,25.03776317,0
396,1591376400000,0.00182510,0.00183100,0.00182210,0.00183090,52878.61000000,1591379999999,96.62892855,2935,19658.65000000,35.92890067,0
397,1591380000000,0.00183100,0.00183780,0.00182590,0.00182920,43169.51000000,1591383599999,79.08044848,2995,25323.10000000,46.39090444,0
398,1591383600000,0.00182920,0.00182930,0.00181990,0.00182340,26326.41000000,1591387199999,47.98120334,1665,6634.38000000,12.09142715,0
399,1591387200000,0.00182340,0.00182490,0.00181790,0.00181900,49413.06000000,1591390799999,89.97317551,1373,6294.50000000,11.46664385,0
400,1591390800000,0.00181910,0.00183120,0.00181750,0.00183080,74542.03000000,1591394399999,136.11867144,1518,7783.40000000,14.20728956,0
401,1591394400000,0.00183110,0.00183120,0.00182000,0.00182850,62882.24000000,1591397999999,114.89019376,1354,10039.22000000,18.33732229,0
402,1591398000000,0.00182860,0.00183890,0.00182610,0.00183810,76625.40000000,1591401599999,140.36169832,2293,20116.55000000,36.87086354,0
403,1591401600000,0.00183810,0.00184000,0.00183180,0.00183610,59471.92000000,1591405199999,109.16917357,1839,37471.92000000,68.79148683,0
404,1591405200000,0.00183570,0.00184550,0.00183150,0.00183930,58202.82000000,1591408799999,107.10523620,2369,33123.43000000,60.97245858,0
405,1591408800000,0.00183900,0.00184200,0.00183380,0.00184150,88867.06000000,1591412399999,163.30025706,1487,64300.97000000,118.16510351,0
406,1591412400000,0.00184000,0.00184100,0.00183190,0.00183250,44471.80000000,1591415999999,81.65684979,1191,29741.94000000,54.61366840,0
407,1591416000000,0.00183330,0.00183700,0.00183080,0.00183510,48193.45000000,1591419599999,88.44325957,1129,38093.54000000,69.91337456,0
408,1591419600000,0.00183460,0.00184160,0.00183340,0.00184150,32415.25000000,1591423199999,59.55434930,1158,19849.17000000,36.46128599,0
409,1591423200000,0.00184160,0.00184200,0.00183620,0.00183750,27409.87000000,1591426799999,50.44445282,959,16555.17000000,30.47453146,0
410,1591426800000,0.00183760,0.00183790,0.00183440,0.00183670,33461.48000000,1591430399999,61.43901843,1171,24723.04000000,45.39566547,0
411,1591430400000,0.00183640,0.00183670,0.00183020,0.00183330,48706.48000000,1591433999999,89.30500779,1579,34540.60000000,63.33178920,0
412,1591434000000,0.00183310,0.00183570,0.00182750,0.00182920,14809.99000000,1591437599999,27.12265147,1504,6686.13000000,12.24747998,0
413,1591437600000,0.00182930,0.00183090,0.00182670,0.00182950,7761.52000000,1591441199999,14.19423931,1205,4261.20000000,7.79363793,0
414,1591441200000,0.00182970,0.00183450,0.00182670,0.00183180,14614.30000000,1591444799999,26.77302645,1226,5460.45000000,10.00453988,0
415,1591444800000,0.00183210,0.00183210,0.00182550,0.00182990,16169.47000000,1591448399999,29.56048187,1668,8585.41000000,15.69616997,0
416,1591448400000,0.00182940,0.00183210,0.00182700,0.00183090,14410.83000000,1591451999999,26.35990291,1157,8729.12000000,15.97070013,0
417,1591452000000,0.00183100,0.00183200,0.00182520,0.00182680,9927.80000000,1591455599999,18.15576065,1347,4390.54000000,8.02928354,0
418,1591455600000,0.00182680,0.00183050,0.00182520,0.00182850,11355.72000000,1591459199999,20.75954198,1353,5482.73000000,10.02540384,0
419,1591459200000,0.00182850,0.00182990,0.00182450,0.00182560,47536.31000000,1591462799999,86.87100820,1872,7891.92000000,14.42214727,0
420,1591462800000,0.00182550,0.00182790,0.00182400,0.00182580,48533.82000000,1591466399999,88.61003613,1242,4684.81000000,8.55413977,0
421,1591466400000,0.00182580,0.00182690,0.00182300,0.00182430,51653.22000000,1591469999999,94.24217346,996,5241.85000000,9.56367284,0
422,1591470000000,0.00182430,0.00182530,0.00181800,0.00181870,50280.76000000,1591473599999,91.57582823,1576,5972.17000000,10.88292846,0
423,1591473600000,0.00181860,0.00182140,0.00181140,0.00181490,54843.29000000,1591477199999,99.71244520,1910,13555.34000000,24.63967177,0
424,1591477200000,0.00181500,0.00182750,0.00181350,0.00182260,55669.41000000,1591480799999,101.37046548,2108,32377.25000000,58.99512873,0
425,1591480800000,0.00182260,0.00182350,0.00181740,0.00181950,42767.20000000,1591484399999,77.82228264,1173,29616.07000000,53.88830279,0
426,1591484400000,0.00181950,0.00181980,0.00181360,0.00181500,28706.40000000,1591487999999,52.16008522,1279,4112.31000000,7.47134802,0
427,1591488000000,0.00181500,0.00182290,0.00181320,0.00182210,50419.05000000,1591491599999,91.73793621,1555,35785.58000000,65.11438941,0
428,1591491600000,0.00182210,0.00182260,0.00181660,0.00181890,53367.24000000,1591495199999,97.09863927,1418,41193.59000000,74.94438217,0
429,1591495200000,0.00181880,0.00181960,0.00180940,0.00181630,67024.73000000,1591498799999,121.66658280,1642,50505.13000000,91.69443114,0
430,1591498800000,0.00181620,0.00181890,0.00180830,0.00181450,68133.20000000,1591502399999,123.54956083,1804,47466.03000000,86.07928705,0
431,1591502400000,0.00181540,0.00181900,0.00181040,0.00181830,40476.17000000,1591505999999,73.44998040,1484,21868.49000000,39.69550332,0
432,1591506000000,0.00181870,0.00182140,0.00181580,0.00181590,32267.98000000,1591509599999,58.68726621,1275,20570.11000000,37.41347970,0
433,1591509600000,0.00181600,0.00181890,0.00181550,0.00181640,23787.77000000,1591513199999,43.22564906,950,13908.16000000,25.27468170,0
434,1591513200000,0.00181650,0.00181900,0.00181070,0.00181290,26588.13000000,1591516799999,48.25508157,1541,13375.96000000,24.28103171,0
435,1591516800000,0.00181280,0.00181370,0.00180600,0.00180990,26811.17000000,1591520399999,48.53747536,1816,14251.91000000,25.80229381,0
436,1591520400000,0.00181040,0.00181170,0.00180600,0.00180660,13136.82000000,1591523999999,23.75801092,1214,5029.63000000,9.09651245,0
437,1591524000000,0.00180660,0.00180890,0.00180600,0.00180820,9993.25000000,1591527599999,18.05694398,1109,3327.63000000,6.01365821,0
438,1591527600000,0.00180790,0.00181950,0.00180680,0.00181350,21758.36000000,1591531199999,39.48616467,2023,11528.25000000,20.92458086,0
439,1591531200000,0.00181460,0.00181680,0.00180740,0.00181550,25176.16000000,1591534799999,45.63525693,2350,14644.34000000,26.54883532,0
440,1591534800000,0.00181560,0.00181810,0.00180000,0.00180070,30133.80000000,1591538399999,54.47130248,3182,13302.66000000,24.05763488,0
441,1591538400000,0.00180110,0.00180360,0.00178870,0.00180100,54248.76000000,1591541999999,97.35400072,4053,23408.28000000,42.01814130,0
442,1591542000000,0.00180080,0.00180680,0.00180020,0.00180350,15241.43000000,1591545599999,27.48210947,1643,7803.46000000,14.07209264,0
443,1591545600000,0.00180400,0.00180620,0.00179680,0.00179880,14729.74000000,1591549199999,26.53192952,1619,6234.96000000,11.23102020,0
444,1591549200000,0.00179880,0.00180130,0.00179550,0.00179760,13613.29000000,1591552799999,24.49021240,1319,3928.09000000,7.06585794,0
445,1591552800000,0.00179770,0.00180100,0.00179650,0.00179960,17617.65000000,1591556399999,31.69508966,1243,7225.85000000,12.99949468,0
446,1591556400000,0.00179950,0.00179990,0.00177540,0.00177690,44488.48000000,1591559999999,79.52665401,3730,9102.57000000,16.27292873,0
447,1591560000000,0.00177730,0.00178730,0.00177540,0.00178230,33677.70000000,1591563599999,60.00518971,2438,16913.10000000,30.13350381,0
448,1591563600000,0.00178240,0.00178880,0.00177600,0.00178730,20746.90000000,1591567199999,37.00605447,1907,10858.24000000,19.37246304,0
449,1591567200000,0.00178730,0.00178760,0.00177880,0.00178160,10596.00000000,1591570799999,18.89001817,1264,3602.53000000,6.42283735,0
450,1591570800000,0.00178150,0.00178810,0.00177850,0.00178680,16248.76000000,1591574399999,28.98562320,1469,7169.12000000,12.79150274,0
451,1591574400000,0.00178680,0.00179880,0.00178000,0.00179410,38504.68000000,1591577999999,68.91344275,2163,17323.75000000,31.03275762,0
452,1591578000000,0.00179400,0.00179980,0.00178920,0.00179270,45755.53000000,1591581599999,82.11228168,1754,18229.48000000,32.72396876,0
453,1591581600000,0.00179330,0.00179660,0.00179290,0.00179400,18623.73000000,1591585199999,33.42268418,944,8368.84000000,15.02085899,0
454,1591585200000,0.00179390,0.00179490,0.00178680,0.00179010,13415.19000000,1591588799999,24.02515123,1245,6347.90000000,11.36804961,0
455,1591588800000,0.00179010,0.00179010,0.00178680,0.00178900,24275.59000000,1591592399999,43.42490507,863,8368.75000000,14.97246098,0
456,1591592400000,0.00178920,0.00179320,0.00178830,0.00179160,7237.63000000,1591595999999,12.96017861,850,4711.66000000,8.43656729,0
457,1591596000000,0.00179190,0.00179280,0.00178890,0.00178990,54263.68000000,1591599599999,97.18276043,1201,6275.45000000,11.23937335,0
458,1591599600000,0.00179000,0.00179420,0.00178720,0.00179410,39639.98000000,1591603199999,70.94315099,1138,7131.48000000,12.77063994,0
459,1591603200000,0.00179410,0.00180170,0.00178950,0.00179090,63334.98000000,1591606799999,113.62036293,1993,13469.91000000,24.18893874,0
460,1591606800000,0.00179080,0.00179220,0.00178320,0.00179200,18978.85000000,1591610399999,33.95570296,1907,7862.40000000,14.07081348,0
461,1591610400000,0.00179220,0.00179220,0.00178670,0.00178680,13613.60000000,1591613999999,24.35377842,1224,6287.55000000,11.25000703,0
462,1591614000000,0.00178690,0.00178940,0.00178680,0.00178750,13776.60000000,1591617599999,24.62965459,1125,5596.44000000,10.00693928,0
463,1591617600000,0.00178800,0.00178940,0.00178590,0.00178930,15389.22000000,1591621199999,27.50781332,1220,8782.42000000,15.69997344,0
464,1591621200000,0.00178930,0.00179270,0.00178830,0.00179170,22288.70000000,1591624799999,39.89716095,1361,8227.58000000,14.73037725,0
465,1591624800000,0.00179220,0.00179290,0.00178820,0.00179030,20262.78000000,1591628399999,36.27827644,1493,10628.56000000,19.03009827,0
466,1591628400000,0.00179110,0.00179290,0.00179020,0.00179060,38163.21000000,1591631999999,68.35035781,1342,14469.75000000,25.91948964,0
467,1591632000000,0.00179150,0.00179290,0.00178720,0.00178790,25645.84000000,1591635599999,45.92881484,1657,9255.06000000,16.57667611,0
468,1591635600000,0.00178780,0.00178920,0.00178310,0.00178630,34282.84000000,1591639199999,61.21337888,1802,12642.02000000,22.57469361,0
469,1591639200000,0.00178600,0.00178860,0.00178420,0.00178650,45690.72000000,1591642799999,81.60793007,1161,5254.88000000,9.38786862,0
470,1591642800000,0.00178660,0.00178800,0.00178270,0.00178650,33305.12000000,1591646399999,59.43898103,1466,8472.90000000,15.12352831,0
471,1591646400000,0.00178650,0.00178970,0.00178350,0.00178530,29734.24000000,1591649999999,53.13629551,1589,12787.53000000,22.84996726,0
472,1591650000000,0.00178530,0.00178690,0.00178090,0.00178140,27225.32000000,1591653599999,48.58482651,1574,8944.43000000,15.96284047,0
473,1591653600000,0.00178130,0.00178500,0.00177880,0.00178500,27324.97000000,1591657199999,48.69247378,1586,18049.79000000,32.16565615,0
474,1591657200000,0.00178500,0.00178620,0.00177830,0.00178380,21910.32000000,1591660799999,39.05028836,1670,10794.58000000,19.24010660,0
475,1591660800000,0.00178330,0.00178870,0.00177360,0.00177880,61440.12000000,1591664399999,109.29139133,4261,33218.11000000,59.09271499,0
476,1591664400000,0.00177870,0.00178260,0.00177670,0.00178170,24285.93000000,1591667999999,43.24601741,1187,9740.14000000,17.34583658,0
477,1591668000000,0.00178240,0.00178560,0.00178190,0.00178350,25006.55000000,1591671599999,44.59641821,1176,6682.03000000,11.91894936,0
478,1591671600000,0.00178390,0.00178680,0.00178210,0.00178320,29483.77000000,1591675199999,52.60666935,1263,7869.18000000,14.04269934,0
479,1591675200000,0.00178330,0.00178550,0.00178130,0.00178330,9333.87000000,1591678799999,16.64376688,1118,4292.36000000,7.65388200,0
480,1591678800000,0.00178340,0.00178590,0.00178250,0.00178340,9036.21000000,1591682399999,16.11745565,1135,3884.40000000,6.92854121,0
481,1591682400000,0.00178340,0.00178670,0.00178280,0.00178580,54417.53000000,1591685999999,97.16948601,953,4834.19000000,8.63222573,0
482,1591686000000,0.00178650,0.00178810,0.00178450,0.00178800,18924.94000000,1591689599999,33.80495261,989,4566.93000000,8.16007246,0
483,1591689600000,0.00178800,0.00178850,0.00178550,0.00178580,20025.59000000,1591693199999,35.79809955,1220,5794.87000000,10.35823251,0
484,1591693200000,0.00178580,0.00179050,0.00178480,0.00178670,14119.63000000,1591696799999,25.25245259,1370,8611.03000000,15.40426727,0
485,1591696800000,0.00178640,0.00178850,0.00178280,0.00178410,11423.97000000,1591700399999,20.40171562,1634,3647.22000000,6.51375812,0
486,1591700400000,0.00178410,0.00178700,0.00178200,0.00178200,13223.81000000,1591703999999,23.59206924,1536,6085.54000000,10.85845100,0
487,1591704000000,0.00178210,0.00178490,0.00178140,0.00178370,10503.03000000,1591707599999,18.72499748,1274,5263.79000000,9.38510834,0
488,1591707600000,0.00178370,0.00178740,0.00178220,0.00178260,11140.57000000,1591711199999,19.88361796,1543,6619.64000000,11.81569188,0
489,1591711200000,0.00178390,0.00178690,0.00178230,0.00178350,19265.93000000,1591714799999,34.36475195,1260,5543.33000000,9.89294159,0
490,1591714800000,0.00178340,0.00178540,0.00178190,0.00178300,32923.46000000,1591718399999,58.70717352,1048,4412.15000000,7.86923966,0
491,1591718400000,0.00178310,0.00178540,0.00178170,0.00178290,49233.95000000,1591721999999,87.77333205,1221,6687.24000000,11.92401636,0
492,1591722000000,0.00178300,0.00178500,0.00178150,0.00178350,40930.68000000,1591725599999,72.96256264,969,5529.74000000,9.86075224,0
493,1591725600000,0.00178360,0.00178500,0.00178330,0.00178390,40164.33000000,1591729199999,71.65489353,1062,6475.09000000,11.55229385,0
494,1591729200000,0.00178390,0.00178480,0.00177810,0.00178080,12714.45000000,1591732799999,22.64334316,1506,6323.91000000,11.26274393,0
495,1591732800000,0.00178080,0.00178250,0.00177760,0.00177930,36936.66000000,1591736399999,65.73165224,1159,6941.71000000,12.35571377,0
496,1591736400000,0.00177930,0.00177990,0.00177000,0.00177000,44736.72000000,1591739999999,79.41375777,2377,6884.72000000,12.22461347,0
497,1591740000000,0.00177030,0.00178010,0.00177000,0.00177540,38959.02000000,1591743599999,69.13979316,1736,12540.27000000,22.27755622,0
498,1591743600000,0.00177540,0.00177900,0.00177360,0.00177850,10685.25000000,1591747199999,18.97831163,1080,5777.37000000,10.26335973,0
499,1591747200000,0.00177810,0.00178170,0.00177430,0.00178170,23495.02000000,1591750799999,41.77907109,1169,12881.55000000,22.90831400,0
