,Aggregated TradeId,Price,Quantity,First TradeId,Last TradeId,Timestamp,Was the buyer the maker?,Was the trade the best price match?
0,65452618,0.00177920,0.56000000,79362113,79362113,1591748494708,True,True
1,65452619,0.00177920,0.56000000,79362114,79362114,1591748495332,True,True
2,65452620,0.00177920,0.56000000,79362115,79362115,1591748496095,True,True
3,65452621,0.00177920,0.05000000,79362116,79362116,1591748496636,True,True
4,65452622,0.00177910,0.51000000,79362117,79362117,1591748496636,True,True
5,65452623,0.00177920,0.56000000,79362118,79362118,1591748497129,True,True
6,65452624,0.00177940,10.00000000,79362119,79362119,1591748500755,False,True
7,65452625,0.00177940,90.24000000,79362120,79362120,1591748500756,False,True
8,65452626,0.00177940,5.00000000,79362121,79362121,1591748502296,True,True
9,65452627,0.00177950,0.33000000,79362122,79362122,1591748503012,False,True
10,65452628,0.00177950,0.33000000,79362123,79362123,1591748511503,False,True
11,65452629,0.00177950,238.72000000,79362124,79362125,1591748511609,False,True
12,65452630,0.00177970,65.27000000,79362126,79362128,1591748511609,False,True
13,65452631,0.00177970,0.59000000,79362129,79362129,1591748511609,False,True
14,65452632,0.00177980,61.30000000,79362130,79362130,1591748514633,False,True
15,65452633,0.00177990,0.06000000,79362131,79362131,1591748514633,False,True
16,65452634,0.00178000,3.03000000,79362132,79362134,1591748514633,False,True
17,65452635,0.00177990,84.24000000,79362135,79362135,1591748516967,False,True
18,65452636,0.00177920,0.15000000,79362136,79362136,1591748518439,False,True
19,65452637,0.00177920,0.43000000,79362137,79362137,1591748519234,False,True
20,65452638,0.00177920,0.83000000,79362138,79362138,1591748527478,False,True
21,65452639,0.00177920,10.00000000,79362139,79362139,1591748528988,False,True
22,65452640,0.00177910,0.48000000,79362140,79362140,1591748529426,True,True
23,65452641,0.00177920,10.01000000,79362141,79362141,1591748536282,False,True
24,65452642,0.00177920,28.58000000,79362142,79362142,1591748540022,False,True
25,65452643,0.00178010,71.15000000,79362143,79362146,1591748540022,False,True
26,65452644,0.00178020,57.81000000,79362147,79362150,1591748540022,False,True
27,65452645,0.00178030,19.02000000,79362151,79362153,1591748540022,False,True
28,65452646,0.00178040,5.24000000,79362154,79362156,1591748540022,False,True
29,65452647,0.00178050,7.28000000,79362157,79362160,1591748540022,False,True
30,65452648,0.00178060,0.40000000,79362161,79362162,1591748540022,False,True
31,65452649,0.00177920,9.45000000,79362163,79362163,1591748566290,False,True
32,65452650,0.00177920,9.45000000,79362164,79362164,1591748566302,False,True
33,65452651,0.00177920,3.03000000,79362165,79362165,1591748569971,False,True
34,65452652,0.00177920,0.96000000,79362166,79362166,1591748572498,False,True
35,65452653,0.00177910,0.19000000,79362167,79362167,1591748577414,True,True
36,65452654,0.00177920,2.00000000,79362168,79362168,1591748583692,False,True
37,65452655,0.00177920,1.16000000,79362169,79362169,1591748586685,False,True
38,65452656,0.00177920,23.95000000,79362170,79362170,1591748589110,False,True
39,65452657,0.00177940,6.20000000,79362171,79362171,1591748596243,False,True
40,65452658,0.00177930,51.44000000,79362172,79362172,1591748607681,False,True
41,65452659,0.00177940,29.54000000,79362173,79362173,1591748611656,False,True
42,65452660,0.00177940,14.25000000,79362174,79362174,1591748612191,False,True
43,65452661,0.00177940,0.01000000,79362175,79362175,1591748618455,False,True
44,65452662,0.00177960,49.30000000,79362176,79362177,1591748620313,True,True
45,65452663,0.00177970,28.00000000,79362178,79362178,1591748623104,False,True
46,65452664,0.00177970,21.99000000,79362179,79362179,1591748623613,False,True
47,65452665,0.00177960,0.07000000,79362180,79362180,1591748636621,True,True
48,65452666,0.00177970,0.01000000,79362181,79362181,1591748641813,False,True
49,65452667,0.00178060,44.97000000,79362182,79362183,1591748641813,False,True
50,65452668,0.00178070,57.44000000,79362184,79362184,1591748641813,False,True
51,65452669,0.00178080,1.97000000,79362185,79362186,1591748641813,False,True
52,65452670,0.00178090,3.84000000,79362187,79362190,1591748641813,False,True
53,65452671,0.00178100,9.08000000,79362191,79362193,1591748641813,False,True
54,65452672,0.00177990,28.21000000,79362194,79362194,1591748646723,False,True
55,65452673,0.00177990,21.79000000,79362195,79362195,1591748647251,False,True
56,65452674,0.00177980,122.42000000,79362196,79362196,1591748647402,True,True
57,65452675,0.00178070,2.00000000,79362197,79362197,1591748648334,False,True
58,65452676,0.00177980,85.13000000,79362198,79362198,1591748655172,True,True
59,65452677,0.00178010,80.07000000,79362199,79362199,1591748663697,False,True
60,65452678,0.00177980,0.06000000,79362200,79362200,1591748671572,True,True
61,65452679,0.00178010,109.09000000,79362201,79362201,1591748673551,False,True
62,65452680,0.00177970,2.47000000,79362202,79362202,1591748674178,True,True
63,65452681,0.00178000,0.08000000,79362203,79362203,1591748681056,False,True
64,65452682,0.00178000,0.33000000,79362204,79362204,1591748682347,False,True
65,65452683,0.00178000,0.01000000,79362205,79362205,1591748683187,False,True
66,65452684,0.00178020,2.99000000,79362206,79362206,1591748683187,False,True
67,65452685,0.00178020,0.56000000,79362207,79362207,1591748683290,False,True
68,65452686,0.00178020,2.00000000,79362208,79362208,1591748684349,False,True
69,65452687,0.00178020,3.00000000,79362209,79362209,1591748686008,False,True
70,65452688,0.00178010,66.77000000,79362210,79362210,1591748686950,False,True
71,65452689,0.00177980,1.58000000,79362211,79362212,1591748696513,True,True
72,65452690,0.00178010,97.27000000,79362213,79362213,1591748697842,False,True
73,65452691,0.00178020,5.07000000,79362214,79362214,1591748705088,False,True
74,65452692,0.00178010,131.23000000,79362215,79362215,1591748709065,False,True
75,65452693,0.00178020,3.15000000,79362216,79362216,1591748710596,False,True
76,65452694,0.00178020,0.12000000,79362217,79362217,1591748710624,False,True
77,65452695,0.00178020,0.17000000,79362218,79362218,1591748710625,False,True
78,65452696,0.00178020,0.06000000,79362219,79362219,1591748710632,False,True
79,65452697,0.00178020,0.06000000,79362220,79362220,1591748710644,False,True
80,65452698,0.00178020,0.12000000,79362221,79362221,1591748710691,False,True
81,65452699,0.00178020,0.12000000,79362222,79362222,1591748710693,False,True
82,65452700,0.00178020,0.12000000,79362223,79362223,1591748710699,False,True
83,65452701,0.00178020,8.43000000,79362224,79362224,1591748710711,False,True
84,65452702,0.00178020,0.09000000,79362225,79362225,1591748710719,False,True
85,65452703,0.00178020,0.12000000,79362226,79362226,1591748710774,False,True
86,65452704,0.00178020,0.12000000,79362227,79362227,1591748710777,False,True
87,65452705,0.00178020,0.57000000,79362228,79362228,1591748710900,False,True
88,65452706,0.00178020,1.13000000,79362229,79362229,1591748710927,False,True
89,65452707,0.00178020,0.57000000,79362230,79362230,1591748710960,False,True
90,65452708,0.00178020,3.38000000,79362231,79362231,1591748710968,False,True
91,65452709,0.00178020,0.13000000,79362232,79362232,1591748711018,False,True
92,65452710,0.00178020,0.90000000,79362233,79362233,1591748711127,False,True
93,65452711,0.00178020,0.90000000,79362234,79362234,1591748711182,False,True
94,65452712,0.00178020,0.79000000,79362235,79362235,1591748711211,False,True
95,65452713,0.00178020,1.13000000,79362236,79362236,1591748711252,False,True
96,65452714,0.00178020,0.12000000,79362237,79362237,1591748711267,False,True
97,65452715,0.00178020,0.40000000,79362238,79362238,1591748711282,False,True
98,65452716,0.00178020,0.23000000,79362239,79362239,1591748711288,False,True
99,65452717,0.00178020,0.12000000,79362240,79362240,1591748711296,False,True
100,65452718,0.00178020,0.23000000,79362241,79362241,1591748711315,False,True
101,65452719,0.00178020,0.12000000,79362242,79362242,1591748711316,False,True
102,65452720,0.00178020,0.12000000,79362243,79362243,1591748711322,False,True
103,65452721,0.00178020,0.12000000,79362244,79362244,1591748711336,False,True
104,65452722,0.00178020,2.81000000,79362245,79362245,1591748711384,False,True
105,65452723,0.00178020,1.41000000,79362246,79362246,1591748711390,False,True
106,65452724,0.00178020,0.49000000,79362247,79362247,1591748711398,False,True
107,65452725,0.00178020,1.35000000,79362248,79362248,1591748711398,False,True
108,65452726,0.00178020,3.38000000,79362249,79362249,1591748711409,False,True
109,65452727,0.00178020,0.23000000,79362250,79362250,1591748711425,False,True
110,65452728,0.00178020,2.25000000,79362251,79362251,1591748711428,False,True
111,65452729,0.00178020,1.38000000,79362252,79362253,1591748711456,False,True
112,65452730,0.00178020,0.08000000,79362254,79362254,1591748711529,True,True
113,65452731,0.00178020,0.38000000,79362255,79362255,1591748713354,True,True
114,65452732,0.00178060,6.66000000,79362256,79362257,1591748714273,False,True
115,65452733,0.00178070,1.26000000,79362258,79362258,1591748714273,False,True
116,65452734,0.00178060,0.06000000,79362259,79362259,1591748714966,False,True
117,65452735,0.00178060,6.03000000,79362260,79362260,1591748714983,False,True
118,65452736,0.00178060,0.63000000,79362261,79362261,1591748715023,True,True
119,65452737,0.00178060,146.58000000,79362262,79362262,1591748715582,False,True
120,65452738,0.00178020,7.30000000,79362263,79362264,1591748715624,True,True
121,65452739,0.00178020,0.10000000,79362265,79362265,1591748715954,True,True
122,65452740,0.00178040,3.00000000,79362266,79362266,1591748721043,False,True
123,65452741,0.00178040,1.83000000,79362267,79362267,1591748721881,False,True
124,65452742,0.00178040,2.00000000,79362268,79362268,1591748722239,False,True
125,65452743,0.00178040,3.00000000,79362269,79362269,1591748723350,False,True
126,65452744,0.00178020,9.99000000,79362270,79362273,1591748725316,True,True
127,65452745,0.00178020,29.99000000,79362274,79362286,1591748725339,True,True
128,65452746,0.00178020,10.00000000,79362287,79362287,1591748725364,True,True
129,65452747,0.00178020,32.50000000,79362288,79362290,1591748725375,True,True
130,65452748,0.00178020,32.50000000,79362291,79362293,1591748725391,True,True
131,65452749,0.00178020,32.50000000,79362294,79362296,1591748725397,True,True
132,65452750,0.00178020,65.00000000,79362297,79362302,1591748725402,True,True
133,65452751,0.00178020,45.41000000,79362303,79362304,1591748725411,True,True
134,65452752,0.00178020,15.61000000,79362305,79362305,1591748725423,True,True
135,65452753,0.00178010,45.41000000,79362306,79362306,1591748725631,True,True
136,65452754,0.00178030,2.00000000,79362307,79362307,1591748727618,False,True
137,65452755,0.00177960,84.50000000,79362308,79362308,1591748727854,True,True
138,65452756,0.00178030,55.72000000,79362309,79362309,1591748737951,False,True
139,65452757,0.00178040,0.50000000,79362310,79362310,1591748741328,False,True
140,65452758,0.00178040,0.44000000,79362311,79362311,1591748742871,False,True
141,65452759,0.00178040,39.23000000,79362312,79362312,1591748751627,False,True
142,65452760,0.00178060,112.74000000,79362313,79362313,1591748753102,False,True
143,65452761,0.00178040,2.00000000,79362314,79362314,1591748759007,True,True
144,65452762,0.00178050,118.50000000,79362315,79362315,1591748761594,True,True
145,65452763,0.00178040,1.65000000,79362316,79362316,1591748768831,True,True
146,65452764,0.00178040,23.93000000,79362317,79362317,1591748770417,True,True
147,65452765,0.00178060,2.00000000,79362318,79362318,1591748771259,False,True
148,65452766,0.00178090,132.41000000,79362319,79362319,1591748775266,False,True
149,65452767,0.00178040,16.71000000,79362320,79362322,1591748776633,True,True
150,65452768,0.00178010,7.70000000,79362323,79362323,1591748776826,True,True
151,65452769,0.00178050,3.45000000,79362324,79362324,1591748782109,False,True
152,65452770,0.00178050,0.06000000,79362325,79362325,1591748784263,False,True
153,65452771,0.00178040,120.08000000,79362326,79362326,1591748790159,False,True
154,65452772,0.00178050,1.00000000,79362327,79362327,1591748794403,False,True
155,65452773,0.00178010,68.74000000,79362328,79362328,1591748796326,True,True
156,65452774,0.00178070,60.34000000,79362329,79362329,1591748808134,False,True
157,65452775,0.00178000,3.36000000,79362330,79362330,1591748808425,True,True
158,65452776,0.00178010,7.13000000,79362331,79362331,1591748812031,False,True
159,65452777,0.00178010,6.20000000,79362332,79362334,1591748822580,False,True
160,65452778,0.00178010,0.10000000,79362335,79362335,1591748829143,True,True
161,65452779,0.00178010,58.42000000,79362336,79362336,1591748830506,False,True
162,65452780,0.00178010,1.00000000,79362337,79362337,1591748838268,False,True
163,65452781,0.00178000,10.89000000,79362338,79362339,1591748841807,True,True
164,65452782,0.00177950,116.75000000,79362340,79362340,1591748842749,True,True
165,65452783,0.00178000,10.00000000,79362341,79362341,1591748843853,False,True
166,65452784,0.00178010,0.34000000,79362342,79362342,1591748843954,False,True
167,65452785,0.00178000,52.66000000,79362343,79362343,1591748852856,True,True
168,65452786,0.00177990,0.24000000,79362344,79362344,1591748854233,True,True
169,65452787,0.00178040,0.71000000,79362345,79362345,1591748863131,False,True
170,65452788,0.00177990,142.43000000,79362346,79362346,1591748866764,True,True
171,65452789,0.00178060,10.07000000,79362347,79362347,1591748869255,False,True
172,65452790,0.00178040,0.17000000,79362348,79362348,1591748878476,False,True
173,65452791,0.00178040,89.78000000,79362349,79362349,1591748878511,False,True
174,65452792,0.00178050,0.53000000,79362350,79362350,1591748880427,False,True
175,65452793,0.00178050,13.39000000,79362351,79362351,1591748888484,False,True
176,65452794,0.00178000,10.07000000,79362352,79362352,1591748889885,True,True
177,65452795,0.00178000,29.98000000,79362353,79362353,1591748890326,True,True
178,65452796,0.00178000,29.96000000,79362354,79362354,1591748892321,True,True
179,65452797,0.00177960,29.96000000,79362355,79362355,1591748893321,True,True
180,65452798,0.00177970,59.45000000,79362356,79362356,1591748895676,True,True
181,65452799,0.00177960,0.98000000,79362357,79362357,1591748904785,True,True
182,65452800,0.00177940,0.13000000,79362358,79362358,1591748904785,True,True
183,65452801,0.00177930,11.24000000,79362359,79362359,1591748904785,True,True
184,65452802,0.00177920,17.60000000,79362360,79362360,1591748904785,True,True
185,65452803,0.00177920,9.99000000,79362361,79362361,1591748905205,True,True
186,65452804,0.00177930,9.99000000,79362362,79362362,1591748906521,True,True
187,65452805,0.00177950,87.25000000,79362363,79362363,1591748908275,True,True
188,65452806,0.00177980,134.25000000,79362364,79362364,1591748915796,False,True
189,65452807,0.00177930,1.02000000,79362365,79362365,1591748933370,False,True
190,65452808,0.00177920,1.09000000,79362366,79362366,1591748936538,True,True
191,65452809,0.00177930,3.74000000,79362367,79362367,1591748939173,False,True
192,65452810,0.00177930,1.01000000,79362368,79362368,1591748940351,False,True
193,65452811,0.00177920,9.99000000,79362369,79362369,1591748942395,True,True
194,65452812,0.00177930,0.06000000,79362370,79362370,1591748954385,False,True
195,65452813,0.00177930,1.70000000,79362371,79362371,1591748955494,False,True
196,65452814,0.00177930,5.83000000,79362372,79362373,1591748958228,False,True
197,65452815,0.00177930,0.20000000,79362374,79362374,1591748958290,False,True
198,65452816,0.00177920,0.67000000,79362375,79362375,1591748959271,True,True
199,65452817,0.00177930,22.90000000,79362376,79362376,1591748964228,False,True
200,65452818,0.00177930,1.01000000,79362377,79362377,1591748974551,False,True
201,65452819,0.00177920,52.79000000,79362378,79362378,1591748979023,True,True
202,65452820,0.00177930,10.00000000,79362379,79362379,1591748979349,False,True
203,65452821,0.00177950,10.16000000,79362380,79362380,1591748979349,False,True
204,65452822,0.00177950,20.12000000,79362381,79362381,1591748979450,False,True
205,65452823,0.00177950,4.08000000,79362382,79362382,1591748979460,False,True
206,65452824,0.00177940,116.81000000,79362383,79362383,1591748988550,True,True
207,65452825,0.00178000,2.55000000,79362384,79362384,1591748989480,False,True
208,65452826,0.00177930,111.73000000,79362385,79362385,1591748995190,True,True
209,65452827,0.00177970,1.00000000,79362386,79362386,1591748998946,False,True
210,65452828,0.00177920,9.99000000,79362387,79362387,1591748999572,True,True
211,65452829,0.00177950,10.00000000,79362388,79362388,1591749001597,False,True
212,65452830,0.00178010,0.72000000,79362389,79362389,1591749001885,False,True
213,65452831,0.00178060,5.11000000,79362390,79362390,1591749002419,False,True
214,65452832,0.00177940,9.99000000,79362391,79362392,1591749002668,True,True
215,65452833,0.00178060,131.65000000,79362393,79362393,1591749003407,False,True
216,65452834,0.00177960,1.07000000,79362394,79362394,1591749007667,True,True
217,65452835,0.00177960,0.14000000,79362395,79362395,1591749007785,True,True
218,65452836,0.00178050,0.07000000,79362396,79362396,1591749009099,False,True
219,65452837,0.00178040,78.75000000,79362397,79362397,1591749010148,False,True
220,65452838,0.00178050,0.72000000,79362398,79362398,1591749012806,False,True
221,65452839,0.00178000,142.53000000,79362399,79362399,1591749023280,True,True
222,65452840,0.00178030,2.64000000,79362400,79362400,1591749028015,True,True
223,65452841,0.00177990,125.21000000,79362401,79362401,1591749030181,True,True
224,65452842,0.00178050,0.24000000,79362402,79362402,1591749036117,False,True
225,65452843,0.00178040,133.08000000,79362403,79362403,1591749037975,False,True
226,65452844,0.00178020,93.65000000,79362404,79362404,1591749043823,True,True
227,65452845,0.00178040,0.21000000,79362405,79362405,1591749048899,True,True
228,65452846,0.00178040,0.50000000,79362406,79362406,1591749048970,True,True
229,65452847,0.00178040,2.79000000,79362407,79362407,1591749049244,True,True
230,65452848,0.00178000,0.23000000,79362408,79362408,1591749050665,True,True
231,65452849,0.00178030,4.63000000,79362409,79362409,1591749055123,False,True
232,65452850,0.00178020,144.31000000,79362410,79362410,1591749055896,True,True
233,65452851,0.00178050,8.73000000,79362411,79362411,1591749063985,False,True
234,65452852,0.00178010,9.99000000,79362412,79362412,1591749064072,True,True
235,65452853,0.00178020,2.85000000,79362413,79362413,1591749064516,True,True
236,65452854,0.00178010,59.96000000,79362414,79362414,1591749067011,True,True
237,65452855,0.00178000,9.98000000,79362415,79362415,1591749067802,True,True
238,65452856,0.00178000,9.99000000,79362416,79362417,1591749067910,True,True
239,65452857,0.00178000,4.54000000,79362418,79362418,1591749067923,True,True
240,65452858,0.00177990,0.44000000,79362419,79362419,1591749068016,True,True
241,65452859,0.00178000,5.79000000,79362420,79362420,1591749069645,False,True
242,65452860,0.00177950,106.45000000,79362421,79362421,1591749077365,False,True
243,65452861,0.00177940,27.97000000,79362422,79362422,1591749082995,True,True
244,65452862,0.00177930,1.01000000,79362423,79362423,1591749085205,False,True
245,65452863,0.00177920,1.75000000,79362424,79362424,1591749086052,True,True
246,65452864,0.00177920,44.85000000,79362425,79362425,1591749087131,True,True
247,65452865,0.00177910,28.50000000,79362426,79362426,1591749095986,True,True
248,65452866,0.00177900,32.53000000,79362427,79362427,1591749099350,True,True
249,65452867,0.00177900,22.91000000,79362428,79362429,1591749099927,True,True
250,65452868,0.00177890,26.10000000,79362430,79362430,1591749099927,True,True
251,65452869,0.00177890,23.90000000,79362431,79362431,1591749099941,True,True
252,65452870,0.00177860,4.03000000,79362432,79362432,1591749100125,True,True
253,65452871,0.00177860,9.71000000,79362433,79362433,1591749100143,True,True
254,65452872,0.00177860,36.26000000,79362434,79362434,1591749100989,True,True
255,65452873,0.00177880,2.62000000,79362435,79362435,1591749102495,False,True
256,65452874,0.00177870,2.04000000,79362436,79362436,1591749106025,False,True
257,65452875,0.00177850,49.22000000,79362437,79362438,1591749110447,True,True
258,65452876,0.00177860,10.00000000,79362439,79362439,1591749118990,False,True
259,65452877,0.00177860,5.40000000,79362440,79362440,1591749126051,False,True
260,65452878,0.00177850,0.09000000,79362441,79362441,1591749126131,True,True
261,65452879,0.00177860,1.01000000,79362442,79362442,1591749128792,False,True
262,65452880,0.00177860,4.00000000,79362443,79362445,1591749134609,False,True
263,65452881,0.00177860,0.50000000,79362446,79362446,1591749144675,False,True
264,65452882,0.00177850,33.17000000,79362447,79362447,1591749156520,True,True
265,65452883,0.00177860,26.40000000,79362448,79362456,1591749158775,False,True
266,65452884,0.00177850,6.07000000,79362457,79362457,1591749159445,True,True
267,65452885,0.00177850,6.14000000,79362458,79362458,1591749159455,True,True
268,65452886,0.00177850,30.00000000,79362459,79362459,1591749162168,True,True
269,65452887,0.00177850,30.00000000,79362460,79362460,1591749162202,True,True
270,65452888,0.00177850,10.00000000,79362461,79362461,1591749163468,True,True
271,65452889,0.00177850,10.00000000,79362462,79362462,1591749163487,True,True
272,65452890,0.00177850,27.82000000,79362463,79362463,1591749164920,True,True
273,65452891,0.00177850,135.86000000,79362464,79362465,1591749166469,True,True
274,65452892,0.00177800,15.14000000,79362466,79362466,1591749166471,True,True
275,65452893,0.00177800,99.99000000,79362467,79362467,1591749166483,True,True
276,65452894,0.00177800,32.05000000,79362468,79362468,1591749166484,True,True
277,65452895,0.00177800,19.49000000,79362469,79362470,1591749166578,True,True
278,65452896,0.00177790,10.00000000,79362471,79362471,1591749167587,False,True
279,65452897,0.00177800,96.83000000,79362472,79362472,1591749167587,False,True
280,65452898,0.00177790,3.76000000,79362473,79362473,1591749168281,False,True
281,65452899,0.00177800,10.00000000,79362474,79362474,1591749168281,False,True
282,65452900,0.00177810,31.13000000,79362475,79362475,1591749168281,False,True
283,65452901,0.00177770,1.77000000,79362476,79362476,1591749173567,False,True
284,65452902,0.00177760,1.88000000,79362477,79362477,1591749176880,True,True
285,65452903,0.00177760,6.75000000,79362478,79362478,1591749178919,True,True
286,65452904,0.00177760,20.24000000,79362479,79362479,1591749179013,True,True
287,65452905,0.00177760,22.23000000,79362480,79362481,1591749179087,True,True
288,65452906,0.00177710,0.08000000,79362482,79362482,1591749182340,True,True
289,65452907,0.00177710,2.00000000,79362483,79362483,1591749190001,False,True
290,65452908,0.00177700,7.03000000,79362484,79362487,1591749191468,True,True
291,65452909,0.00177690,4.31000000,79362488,79362488,1591749192021,False,True
292,65452910,0.00177690,1.77000000,79362489,79362489,1591749192485,False,True
293,65452911,0.00177690,1.01000000,79362490,79362490,1591749193180,False,True
294,65452912,0.00177680,0.61000000,79362491,79362491,1591749194752,True,True
295,65452913,0.00177690,2.46000000,79362492,79362492,1591749194797,False,True
296,65452914,0.00177690,0.40000000,79362493,79362493,1591749195500,False,True
297,65452915,0.00177690,0.56000000,79362494,79362494,1591749198026,False,True
298,65452916,0.00177710,2.12000000,79362495,79362495,1591749198870,False,True
299,65452917,0.00177690,0.08000000,79362496,79362496,1591749202783,True,True
300,65452918,0.00177680,1.76000000,79362497,79362497,1591749202783,True,True
301,65452919,0.00177700,88.86000000,79362498,79362498,1591749207978,True,True
302,65452920,0.00177710,0.45000000,79362499,79362499,1591749210880,False,True
303,65452921,0.00177710,5.06000000,79362500,79362500,1591749221628,False,True
304,65452922,0.00177710,17.57000000,79362501,79362502,1591749225081,False,True
305,65452923,0.00177720,118.12000000,79362503,79362503,1591749226293,False,True
306,65452924,0.00177730,0.53000000,79362504,79362504,1591749231451,False,True
307,65452925,0.00177700,0.08000000,79362505,79362505,1591749235588,True,True
308,65452926,0.00177690,1.40000000,79362506,79362506,1591749235588,True,True
309,65452927,0.00177720,51.31000000,79362507,79362507,1591749236175,False,True
310,65452928,0.00177730,9.47000000,79362508,79362508,1591749240421,False,True
311,65452929,0.00177740,11.50000000,79362509,79362509,1591749240433,False,True
312,65452930,0.00177760,32.50000000,79362510,79362510,1591749240447,False,True
313,65452931,0.00177760,9.95000000,79362511,79362511,1591749240448,False,True
314,65452932,0.00177760,32.50000000,79362512,79362512,1591749240464,False,True
315,65452933,0.00177760,32.50000000,79362513,79362513,1591749240470,False,True
316,65452934,0.00177760,18.93000000,79362514,79362514,1591749240472,False,True
317,65452935,0.00177750,10.00000000,79362515,79362515,1591749240572,False,True
318,65452936,0.00177800,6.19000000,79362516,79362516,1591749240577,False,True
319,65452937,0.00177830,84.59000000,79362517,79362517,1591749240948,False,True
320,65452938,0.00177820,91.12000000,79362518,79362518,1591749245176,False,True
321,65452939,0.00177780,0.90000000,79362519,79362519,1591749248519,True,True
322,65452940,0.00177790,11.49000000,79362520,79362520,1591749258678,False,True
323,65452941,0.00177790,82.32000000,79362521,79362521,1591749268847,False,True
324,65452942,0.00177790,1.93000000,79362522,79362522,1591749284104,False,True
325,65452943,0.00177780,0.81000000,79362523,79362524,1591749300123,True,True
326,65452944,0.00177720,0.09000000,79362525,79362525,1591749300123,True,True
327,65452945,0.00177710,0.08000000,79362526,79362526,1591749305819,True,True
328,65452946,0.00177700,6.19000000,79362527,79362527,1591749306693,True,True
329,65452947,0.00177670,1.90000000,79362528,79362528,1591749307094,True,True
330,65452948,0.00177650,32.50000000,79362529,79362529,1591749307398,True,True
331,65452949,0.00177650,17.50000000,79362530,79362530,1591749307545,True,True
332,65452950,0.00177710,4.00000000,79362531,79362531,1591749308024,False,True
333,65452951,0.00177630,62.98000000,79362532,79362532,1591749309439,True,True
334,65452952,0.00177680,5.88000000,79362533,79362533,1591749311179,False,True
335,65452953,0.00177680,0.06000000,79362534,79362534,1591749311891,False,True
336,65452954,0.00177620,0.14000000,79362535,79362536,1591749313158,True,True
337,65452955,0.00177610,0.36000000,79362537,79362538,1591749313158,True,True
338,65452956,0.00177610,112.16000000,79362539,79362539,1591749319278,True,True
339,65452957,0.00177660,0.77000000,79362540,79362540,1591749322028,False,True
340,65452958,0.00177610,0.08000000,79362541,79362541,1591749325585,True,True
341,65452959,0.00177600,0.82000000,79362542,79362542,1591749325585,True,True
342,65452960,0.00177650,10.00000000,79362543,79362543,1591749325621,False,True
343,65452961,0.00177650,105.48000000,79362544,79362544,1591749327598,False,True
344,65452962,0.00177650,0.07000000,79362545,79362545,1591749335577,True,True
345,65452963,0.00177660,6.81000000,79362546,79362546,1591749338289,False,True
346,65452964,0.00177660,1.01000000,79362547,79362547,1591749339994,False,True
347,65452965,0.00177650,0.01000000,79362548,79362548,1591749341321,True,True
348,65452966,0.00177620,1.09000000,79362549,79362549,1591749341321,True,True
349,65452967,0.00177660,0.07000000,79362550,79362550,1591749342209,False,True
350,65452968,0.00177660,0.90000000,79362551,79362551,1591749343294,False,True
351,65452969,0.00177620,1.10000000,79362552,79362552,1591749343328,True,True
352,65452970,0.00177620,1.10000000,79362553,79362553,1591749344325,True,True
353,65452971,0.00177660,0.44000000,79362554,79362554,1591749345521,False,True
354,65452972,0.00177700,12.73000000,79362555,79362555,1591749345521,False,True
355,65452973,0.00177720,7.05000000,79362556,79362556,1591749345521,False,True
356,65452974,0.00177720,0.18000000,79362557,79362557,1591749345541,False,True
357,65452975,0.00177710,10.00000000,79362558,79362558,1591749348901,False,True
358,65452976,0.00177760,2.08000000,79362559,79362559,1591749356522,False,True
359,65452977,0.00177730,134.24000000,79362560,79362560,1591749357712,True,True
360,65452978,0.00177740,88.05000000,79362561,79362561,1591749365767,True,True
361,65452979,0.00177760,4.00000000,79362562,79362562,1591749367643,False,True
362,65452980,0.00177760,3.92000000,79362563,79362563,1591749367657,False,True
363,65452981,0.00177770,0.08000000,79362564,79362564,1591749367657,False,True
364,65452982,0.00177760,0.15000000,79362565,79362565,1591749377573,False,True
365,65452983,0.00177750,105.98000000,79362566,79362566,1591749384193,False,True
366,65452984,0.00177760,0.15000000,79362567,79362567,1591749388695,False,True
367,65452985,0.00177760,6.04000000,79362568,79362568,1591749393565,False,True
368,65452986,0.00177760,3.00000000,79362569,79362569,1591749393604,False,True
369,65452987,0.00177730,1.20000000,79362570,79362570,1591749403738,True,True
370,65452988,0.00177730,0.24000000,79362571,79362571,1591749403797,True,True
371,65452989,0.00177750,99.40000000,79362572,79362572,1591749405640,False,True
372,65452990,0.00177730,0.11000000,79362573,79362573,1591749406691,True,True
373,65452991,0.00177730,0.91000000,79362574,79362574,1591749410176,True,True
374,65452992,0.00177740,59.80000000,79362575,79362575,1591749414936,True,True
375,65452993,0.00177730,23.00000000,79362576,79362576,1591749416093,True,True
376,65452994,0.00177760,17.31000000,79362577,79362578,1591749418456,False,True
377,65452995,0.00177730,0.11000000,79362579,79362579,1591749420892,True,True
378,65452996,0.00177780,0.23000000,79362580,79362580,1591749421668,False,True
379,65452997,0.00177740,110.08000000,79362581,79362581,1591749428970,True,True
380,65452998,0.00177730,0.75000000,79362582,79362582,1591749429855,True,True
381,65452999,0.00177730,87.50000000,79362583,79362583,1591749431441,True,True
382,65453000,0.00177730,1.36000000,79362584,79362584,1591749435970,True,True
383,65453001,0.00177770,0.07000000,79362585,79362585,1591749438337,False,True
384,65453002,0.00177760,43.87000000,79362586,79362586,1591749439505,False,True
385,65453003,0.00177770,0.91000000,79362587,79362587,1591749440954,False,True
386,65453004,0.00177730,15.77000000,79362588,79362589,1591749446053,True,True
387,65453005,0.00177730,2.09000000,79362590,79362590,1591749446121,False,True
388,65453006,0.00177730,17.95000000,79362591,79362591,1591749447454,True,True
389,65453007,0.00177730,0.81000000,79362592,79362592,1591749447583,True,True
390,65453008,0.00177760,73.85000000,79362593,79362593,1591749450913,False,True
391,65453009,0.00177740,1.86000000,79362594,79362594,1591749455305,True,True
392,65453010,0.00177770,0.33000000,79362595,79362595,1591749459650,False,True
393,65453011,0.00177760,88.91000000,79362596,79362596,1591749463422,False,True
394,65453012,0.00177770,0.11000000,79362597,79362597,1591749463656,False,True
395,65453013,0.00177770,0.29000000,79362598,79362598,1591749464786,False,True
396,65453014,0.00177770,0.99000000,79362599,79362599,1591749465477,False,True
397,65453015,0.00177730,0.91000000,79362600,79362601,1591749471485,True,True
398,65453016,0.00177760,95.48000000,79362602,79362602,1591749476416,False,True
399,65453017,0.00177770,4.99000000,79362603,79362603,1591749476890,False,True
400,65453018,0.00177760,95.52000000,79362604,79362604,1591749482957,False,True
401,65453019,0.00177750,97.81000000,79362605,79362605,1591749489076,True,True
402,65453020,0.00177770,6.01000000,79362606,79362606,1591749490220,False,True
403,65453021,0.00177770,2.71000000,79362607,79362607,1591749491272,False,True
404,65453022,0.00177770,2.68000000,79362608,79362608,1591749492428,False,True
405,65453023,0.00177750,118.75000000,79362609,79362609,1591749495146,True,True
406,65453024,0.00177770,0.91000000,79362610,79362610,1591749502070,False,True
407,65453025,0.00177760,59.33000000,79362611,79362611,1591749504327,False,True
408,65453026,0.00177770,9.77000000,79362612,79362612,1591749505850,False,True
409,65453027,0.00177770,20.23000000,79362613,79362613,1591749505851,False,True
410,65453028,0.00177780,9.77000000,79362614,79362614,1591749505862,False,True
411,65453029,0.00177790,7.40000000,79362615,79362615,1591749505862,False,True
412,65453030,0.00177790,6.43000000,79362616,79362616,1591749505875,False,True
413,65453031,0.00177790,0.72000000,79362617,79362617,1591749505944,False,True
414,65453032,0.00177790,0.20000000,79362618,79362619,1591749505956,False,True
415,65453033,0.00177800,6.43000000,79362620,79362622,1591749506878,False,True
416,65453034,0.00177820,0.72000000,79362623,79362623,1591749507248,False,True
417,65453035,0.00177810,50.00000000,79362624,79362624,1591749511523,False,True
418,65453036,0.00177830,0.20000000,79362625,79362625,1591749524265,False,True
419,65453037,0.00177850,0.06000000,79362626,79362626,1591749524265,False,True
420,65453038,0.00177840,0.91000000,79362627,79362627,1591749535409,True,True
421,65453039,0.00177840,2.16000000,79362628,79362628,1591749536712,True,True
422,65453040,0.00177840,1.26000000,79362629,79362629,1591749536744,True,True
423,65453041,0.00177840,0.88000000,79362630,79362630,1591749536747,True,True
424,65453042,0.00177840,0.72000000,79362631,79362631,1591749536751,True,True
425,65453043,0.00177840,0.49000000,79362632,79362632,1591749536758,True,True
426,65453044,0.00177830,0.85000000,79362633,79362633,1591749536758,True,True
427,65453045,0.00177840,100.30000000,79362634,79362634,1591749542950,True,True
428,65453046,0.00177840,96.10000000,79362635,79362635,1591749552067,False,True
429,65453047,0.00177850,0.06000000,79362636,79362636,1591749557231,False,True
430,65453048,0.00177850,0.91000000,79362637,79362638,1591749561767,False,True
431,65453049,0.00177850,11.22000000,79362639,79362639,1591749563673,False,True
432,65453050,0.00177860,32.50000000,79362640,79362640,1591749563757,False,True
433,65453051,0.00177860,17.50000000,79362641,79362641,1591749563764,False,True
434,65453052,0.00177880,0.19000000,79362642,79362642,1591749563771,False,True
435,65453053,0.00177890,0.22000000,79362643,79362643,1591749563962,False,True
436,65453054,0.00177880,79.08000000,79362644,79362644,1591749565787,True,True
437,65453055,0.00177920,5.54000000,79362645,79362646,1591749568475,False,True
438,65453056,0.00177930,0.54000000,79362647,79362647,1591749568475,False,True
439,65453057,0.00177930,5.54000000,79362648,79362648,1591749568490,False,True
440,65453058,0.00177930,43.92000000,79362649,79362649,1591749571248,False,True
441,65453059,0.00177940,4.27000000,79362650,79362651,1591749571248,False,True
442,65453060,0.00177950,0.12000000,79362652,79362652,1591749571248,False,True
443,65453061,0.00177980,0.40000000,79362653,79362654,1591749571248,False,True
444,65453062,0.00177990,0.06000000,79362655,79362655,1591749571248,False,True
445,65453063,0.00178000,9.89000000,79362656,79362656,1591749571287,True,True
446,65453064,0.00178000,1.00000000,79362657,79362657,1591749571325,True,True
447,65453065,0.00178000,59.13000000,79362658,79362659,1591749571378,True,True
448,65453066,0.00178000,119.84000000,79362660,79362660,1591749574106,False,True
449,65453067,0.00178010,37.76000000,79362661,79362663,1591749576152,False,True
450,65453068,0.00178020,62.31000000,79362664,79362664,1591749576152,False,True
451,65453069,0.00177980,3.87000000,79362665,79362665,1591749577263,True,True
452,65453070,0.00178000,9.16000000,79362666,79362666,1591749579919,False,True
453,65453071,0.00178000,40.84000000,79362667,79362667,1591749579922,False,True
454,65453072,0.00178030,0.28000000,79362668,79362668,1591749579922,False,True
455,65453073,0.00178050,58.88000000,79362669,79362671,1591749579922,False,True
456,65453074,0.00178050,4.30000000,79362672,79362672,1591749580156,False,True
457,65453075,0.00178010,0.06000000,79362673,79362673,1591749581226,True,True
458,65453076,0.00178060,25.70000000,79362674,79362675,1591749582943,False,True
459,65453077,0.00178100,0.31000000,79362676,79362676,1591749582943,False,True
460,65453078,0.00178110,1.17000000,79362677,79362679,1591749582943,False,True
461,65453079,0.00178060,0.91000000,79362680,79362680,1591749584141,True,True
462,65453080,0.00178110,87.95000000,79362681,79362681,1591749584569,False,True
463,65453081,0.00178090,1.84000000,79362682,79362682,1591749587174,True,True
464,65453082,0.00178090,103.02000000,79362683,79362685,1591749587258,True,True
465,65453083,0.00178110,0.15000000,79362686,79362686,1591749589288,False,True
466,65453084,0.00178110,5.74000000,79362687,79362687,1591749591907,False,True
467,65453085,0.00178110,0.57000000,79362688,79362688,1591749591930,False,True
468,65453086,0.00178120,6.74000000,79362689,79362691,1591749592019,False,True
469,65453087,0.00178110,0.69000000,79362692,79362692,1591749593267,True,True
470,65453088,0.00178110,8.52000000,79362693,79362693,1591749594667,True,True
471,65453089,0.00178120,17.48000000,79362694,79362696,1591749595404,False,True
472,65453090,0.00178130,0.67000000,79362697,79362700,1591749595404,False,True
473,65453091,0.00178130,14.93000000,79362701,79362702,1591749602987,False,True
474,65453092,0.00178130,14.93000000,79362703,79362703,1591749602997,False,True
475,65453093,0.00178130,0.12000000,79362704,79362704,1591749603005,False,True
476,65453094,0.00178130,25.71000000,79362705,79362705,1591749603104,False,True
477,65453095,0.00178140,1.00000000,79362706,79362707,1591749610476,False,True
478,65453096,0.00178140,0.90000000,79362708,79362708,1591749614879,False,True
479,65453097,0.00178130,88.87000000,79362709,79362709,1591749627843,True,True
480,65453098,0.00178140,6.24000000,79362710,79362712,1591749629087,False,True
481,65453099,0.00178150,0.17000000,79362713,79362713,1591749631454,False,True
482,65453100,0.00178140,77.60000000,79362714,79362714,1591749635640,False,True
483,65453101,0.00178140,0.11000000,79362715,79362715,1591749638926,True,True
484,65453102,0.00178140,0.20000000,79362716,79362716,1591749639036,True,True
485,65453103,0.00178140,0.12000000,79362717,79362717,1591749640860,True,True
486,65453104,0.00178130,99.28000000,79362718,79362718,1591749645715,True,True
487,65453105,0.00178120,1.91000000,79362719,79362719,1591749648992,True,True
488,65453106,0.00178120,0.13000000,79362720,79362720,1591749650610,True,True
489,65453107,0.00178130,1.89000000,79362721,79362721,1591749657957,True,True
490,65453108,0.00178110,5.76000000,79362722,79362722,1591749657957,True,True
491,65453109,0.00178130,0.09000000,79362723,79362723,1591749659294,True,True
492,65453110,0.00178110,4.55000000,79362724,79362725,1591749660788,True,True
493,65453111,0.00178120,96.01000000,79362726,79362726,1591749660802,False,True
494,65453112,0.00178140,63.65000000,79362727,79362727,1591749671854,True,True
495,65453113,0.00178140,10.97000000,79362728,79362728,1591749673131,False,True
496,65453114,0.00178150,57.84000000,79362729,79362731,1591749673131,False,True
497,65453115,0.00178160,2.21000000,79362732,79362741,1591749673131,False,True
498,65453116,0.00178170,60.27000000,79362742,79362750,1591749673131,False,True
499,65453117,0.00178170,10.97000000,79362751,79362751,1591749675878,False,True
